PERIODO_TIPO;PERIODO_INICIO;PERIODO_FIM;ORDEM_DE_SERVICO;GRUPO_NOTA;RECURSO;FINALIZACAO;DATA_ENCERRAMENTO;DATA;DIA_SEMANA;SEMANA_INICIO;ELETRICISTA1;ELETRICISTA2;QTD_EXECUTORES;RECUSA
dia;08/05/2026;08/05/2026;7024816616;RELIGUE;ITN8905-EMP;FINALIZADA;08/05/2026 07:36;08/05/2026;Sexta;04/05/2026;80013518;;1;
dia;08/05/2026;08/05/2026;7024835632;RELIGUE;ITN8905-EMP;FINALIZADA;08/05/2026 07:42;08/05/2026;Sexta;04/05/2026;80013518;;1;
dia;08/05/2026;08/05/2026;7024829174;CORTE;ITN8905-EMP;REJEITADA;08/05/2026 08:38;08/05/2026;Sexta;04/05/2026;80013518;;1;CASA FECHADA – VERANEIRO
dia;08/05/2026;08/05/2026;7024833013;CORTE;ITN8905-EMP;FINALIZADA;08/05/2026 08:44;08/05/2026;Sexta;04/05/2026;80013518;;1;
dia;08/05/2026;08/05/2026;7024829176;CORTE;ITN8905-EMP;REJEITADA;08/05/2026 08:48;08/05/2026;Sexta;04/05/2026;80013518;;1;CASA FECHADA – VERANEIRO
dia;08/05/2026;08/05/2026;7024829188;CORTE;ITN8905-EMP;FINALIZADA;08/05/2026 08:57;08/05/2026;Sexta;04/05/2026;80013518;;1;
dia;08/05/2026;08/05/2026;7024831415;CORTE;ITN8905-EMP;REJEITADA;08/05/2026 09:02;08/05/2026;Sexta;04/05/2026;80013518;;1;CASA FECHADA – VERANEIRO
dia;08/05/2026;08/05/2026;7024824807;RELIGUE;ITN8905-EMP;FINALIZADA;08/05/2026 09:10;08/05/2026;Sexta;04/05/2026;80013518;;1;
dia;08/05/2026;08/05/2026;7024829196;CORTE;ITN8905-EMP;FINALIZADA;08/05/2026 09:15;08/05/2026;Sexta;04/05/2026;80013518;;1;
dia;08/05/2026;08/05/2026;7024829197;CORTE;ITN8905-EMP;FINALIZADA;08/05/2026 09:22;08/05/2026;Sexta;04/05/2026;80013518;;1;
dia;08/05/2026;08/05/2026;7024807217;RELIGUE;ITN8905-EMP;FINALIZADA;08/05/2026 09:29;08/05/2026;Sexta;04/05/2026;80013518;;1;
dia;08/05/2026;08/05/2026;7024829200;CORTE;ITN8905-EMP;REJEITADA;08/05/2026 09:34;08/05/2026;Sexta;04/05/2026;80013518;;1;CASA FECHADA – VERANEIRO
dia;08/05/2026;08/05/2026;7024829199;CORTE;ITN8905-EMP;REJEITADA;08/05/2026 09:40;08/05/2026;Sexta;04/05/2026;80013518;;1;CASA FECHADA – VERANEIRO
dia;08/05/2026;08/05/2026;7024831290;CORTE;ITN8905-EMP;FINALIZADA;08/05/2026 09:46;08/05/2026;Sexta;04/05/2026;80013518;;1;
dia;08/05/2026;08/05/2026;7024829198;CORTE;ITN8905-EMP;FINALIZADA;08/05/2026 09:53;08/05/2026;Sexta;04/05/2026;80013518;;1;
dia;08/05/2026;08/05/2026;7024819992;RELIGUE;ITN8905-EMP;FINALIZADA;08/05/2026 10:03;08/05/2026;Sexta;04/05/2026;80013518;;1;
dia;08/05/2026;08/05/2026;7024829234;CORTE;ITN8905-EMP;FINALIZADA;08/05/2026 10:11;08/05/2026;Sexta;04/05/2026;80013518;;1;
dia;08/05/2026;08/05/2026;7024828896;RELIGUE;ITN8905-EMP;FINALIZADA;08/05/2026 11:58;08/05/2026;Sexta;04/05/2026;80013518;;1;
dia;08/05/2026;08/05/2026;7024818107;RELIGUE;AVR8901-EMP;FINALIZADA;08/05/2026 07:01;08/05/2026;Sexta;04/05/2026;80006267;;1;
dia;08/05/2026;08/05/2026;7024802992;RELIGUE;AVR8901-EMP;FINALIZADA;08/05/2026 08:32;08/05/2026;Sexta;04/05/2026;80006267;;1;
dia;08/05/2026;08/05/2026;7024831160;CORTE;AVR8901-EMP;FINALIZADA;08/05/2026 08:37;08/05/2026;Sexta;04/05/2026;80006267;;1;
dia;08/05/2026;08/05/2026;7024831156;CORTE;AVR8901-EMP;FINALIZADA;08/05/2026 08:39;08/05/2026;Sexta;04/05/2026;80006267;;1;
dia;08/05/2026;08/05/2026;7024831182;CORTE;AVR8901-EMP;FINALIZADA;08/05/2026 08:43;08/05/2026;Sexta;04/05/2026;80006267;;1;
dia;08/05/2026;08/05/2026;7024831138;CORTE;AVR8901-EMP;FINALIZADA;08/05/2026 08:48;08/05/2026;Sexta;04/05/2026;80006267;;1;
dia;08/05/2026;08/05/2026;7024831137;CORTE;AVR8901-EMP;FINALIZADA;08/05/2026 08:50;08/05/2026;Sexta;04/05/2026;80006267;;1;
dia;08/05/2026;08/05/2026;7024831172;CORTE;AVR8901-EMP;FINALIZADA;08/05/2026 08:52;08/05/2026;Sexta;04/05/2026;80006267;;1;
dia;08/05/2026;08/05/2026;7024831171;CORTE;AVR8901-EMP;FINALIZADA;08/05/2026 08:54;08/05/2026;Sexta;04/05/2026;80006267;;1;
dia;08/05/2026;08/05/2026;7024831161;CORTE;AVR8901-EMP;FINALIZADA;08/05/2026 08:57;08/05/2026;Sexta;04/05/2026;80006267;;1;
dia;08/05/2026;08/05/2026;7024831134;CORTE;AVR8901-EMP;FINALIZADA;08/05/2026 09:00;08/05/2026;Sexta;04/05/2026;80006267;;1;
dia;08/05/2026;08/05/2026;7024831151;CORTE;AVR8901-EMP;FINALIZADA;08/05/2026 09:14;08/05/2026;Sexta;04/05/2026;80006267;;1;
dia;08/05/2026;08/05/2026;7024831147;CORTE;AVR8901-EMP;FINALIZADA;08/05/2026 09:15;08/05/2026;Sexta;04/05/2026;80006267;;1;
dia;08/05/2026;08/05/2026;7024831133;CORTE;AVR8901-EMP;FINALIZADA;08/05/2026 09:18;08/05/2026;Sexta;04/05/2026;80006267;;1;
dia;08/05/2026;08/05/2026;7024831154;CORTE;AVR8901-EMP;FINALIZADA;08/05/2026 09:20;08/05/2026;Sexta;04/05/2026;80006267;;1;
dia;08/05/2026;08/05/2026;7024831139;CORTE;AVR8901-EMP;FINALIZADA;08/05/2026 09:22;08/05/2026;Sexta;04/05/2026;80006267;;1;
dia;08/05/2026;08/05/2026;7024831155;CORTE;AVR8901-EMP;FINALIZADA;08/05/2026 09:24;08/05/2026;Sexta;04/05/2026;80006267;;1;
dia;08/05/2026;08/05/2026;7024831148;CORTE;AVR8901-EMP;FINALIZADA;08/05/2026 09:41;08/05/2026;Sexta;04/05/2026;80006267;;1;
dia;08/05/2026;08/05/2026;7024831149;CORTE;AVR8901-EMP;FINALIZADA;08/05/2026 09:42;08/05/2026;Sexta;04/05/2026;80006267;;1;
dia;08/05/2026;08/05/2026;7024831153;CORTE;AVR8901-EMP;FINALIZADA;08/05/2026 09:46;08/05/2026;Sexta;04/05/2026;80006267;;1;
dia;08/05/2026;08/05/2026;7024831135;CORTE;AVR8901-EMP;FINALIZADA;08/05/2026 09:48;08/05/2026;Sexta;04/05/2026;80006267;;1;
dia;08/05/2026;08/05/2026;7024831141;CORTE;AVR8901-EMP;FINALIZADA;08/05/2026 09:51;08/05/2026;Sexta;04/05/2026;80006267;;1;
dia;08/05/2026;08/05/2026;7024831136;CORTE;AVR8901-EMP;FINALIZADA;08/05/2026 09:53;08/05/2026;Sexta;04/05/2026;80006267;;1;
dia;08/05/2026;08/05/2026;7024831150;CORTE;AVR8901-EMP;FINALIZADA;08/05/2026 10:13;08/05/2026;Sexta;04/05/2026;80006267;;1;
dia;08/05/2026;08/05/2026;7024831162;CORTE;AVR8901-EMP;FINALIZADA;08/05/2026 10:15;08/05/2026;Sexta;04/05/2026;80006267;;1;
dia;08/05/2026;08/05/2026;7024831159;CORTE;AVR8901-EMP;FINALIZADA;08/05/2026 10:17;08/05/2026;Sexta;04/05/2026;80006267;;1;
dia;08/05/2026;08/05/2026;7024831142;CORTE;AVR8901-EMP;FINALIZADA;08/05/2026 10:20;08/05/2026;Sexta;04/05/2026;80006267;;1;
dia;08/05/2026;08/05/2026;7024831145;CORTE;AVR8901-EMP;FINALIZADA;08/05/2026 10:22;08/05/2026;Sexta;04/05/2026;80006267;;1;
dia;08/05/2026;08/05/2026;7024831157;CORTE;AVR8901-EMP;FINALIZADA;08/05/2026 10:24;08/05/2026;Sexta;04/05/2026;80006267;;1;
dia;08/05/2026;08/05/2026;7024831152;CORTE;AVR8901-EMP;FINALIZADA;08/05/2026 10:26;08/05/2026;Sexta;04/05/2026;80006267;;1;
dia;08/05/2026;08/05/2026;7024831140;CORTE;AVR8901-EMP;FINALIZADA;08/05/2026 10:28;08/05/2026;Sexta;04/05/2026;80006267;;1;
dia;08/05/2026;08/05/2026;7024829066;CORTE;AVR8901-EMP;FINALIZADA;08/05/2026 10:33;08/05/2026;Sexta;04/05/2026;80006267;;1;
dia;08/05/2026;08/05/2026;7024829030;CORTE;AVR8901-EMP;FINALIZADA;08/05/2026 10:35;08/05/2026;Sexta;04/05/2026;80006267;;1;
dia;08/05/2026;08/05/2026;7024831192;CORTE;AVR8901-EMP;FINALIZADA;08/05/2026 10:38;08/05/2026;Sexta;04/05/2026;80006267;;1;
dia;08/05/2026;08/05/2026;7024829042;CORTE;AVR8901-EMP;FINALIZADA;08/05/2026 10:40;08/05/2026;Sexta;04/05/2026;80006267;;1;
dia;08/05/2026;08/05/2026;7024829041;CORTE;AVR8901-EMP;FINALIZADA;08/05/2026 10:43;08/05/2026;Sexta;04/05/2026;80006267;;1;
dia;08/05/2026;08/05/2026;7024829063;CORTE;AVR8901-EMP;FINALIZADA;08/05/2026 10:45;08/05/2026;Sexta;04/05/2026;80006267;;1;
dia;08/05/2026;08/05/2026;7024815095;RELIGUE;AVR8901-EMP;FINALIZADA;08/05/2026 10:48;08/05/2026;Sexta;04/05/2026;80006267;;1;
dia;08/05/2026;08/05/2026;7024836599;RELIGUE;AVR8901-EMP;FINALIZADA;08/05/2026 10:53;08/05/2026;Sexta;04/05/2026;80006267;;1;
dia;08/05/2026;08/05/2026;7024822120;RELIGUE;AVR8901-EMP;FINALIZADA;08/05/2026 10:58;08/05/2026;Sexta;04/05/2026;80006267;;1;
dia;08/05/2026;08/05/2026;7024825345;RELIGUE;AVR8901-EMP;FINALIZADA;08/05/2026 11:02;08/05/2026;Sexta;04/05/2026;80006267;;1;
dia;08/05/2026;08/05/2026;7024836251;RELIGUE;ITN8903-EMP;FINALIZADA;08/05/2026 07:29;08/05/2026;Sexta;04/05/2026;80011348;;1;
dia;08/05/2026;08/05/2026;7024836279;RELIGUE;ITN8903-EMP;FINALIZADA;08/05/2026 07:34;08/05/2026;Sexta;04/05/2026;80011348;;1;
dia;08/05/2026;08/05/2026;7024819972;RELIGUE;ITN8903-EMP;FINALIZADA;08/05/2026 07:39;08/05/2026;Sexta;04/05/2026;80011348;;1;
dia;08/05/2026;08/05/2026;7024833283;RELIGUE;ITN8903-EMP;FINALIZADA;08/05/2026 07:43;08/05/2026;Sexta;04/05/2026;80011348;;1;
dia;08/05/2026;08/05/2026;7024829175;CORTE;ITN8903-EMP;FINALIZADA;08/05/2026 08:11;08/05/2026;Sexta;04/05/2026;80011348;;1;
dia;08/05/2026;08/05/2026;7024831121;CORTE;ITN8903-EMP;REJEITADA;08/05/2026 08:30;08/05/2026;Sexta;04/05/2026;80011348;;1;CLIENTE Ñ PERMITIU ACESSO ÀS INSTALAÇÕES
dia;08/05/2026;08/05/2026;7024831104;CORTE;ITN8903-EMP;FINALIZADA;08/05/2026 08:39;08/05/2026;Sexta;04/05/2026;80011348;;1;
dia;08/05/2026;08/05/2026;7024830781;RELIGUE;ITN8903-EMP;FINALIZADA;08/05/2026 08:54;08/05/2026;Sexta;04/05/2026;80011348;;1;
dia;08/05/2026;08/05/2026;7024829240;CORTE;ITN8903-EMP;FINALIZADA;08/05/2026 09:06;08/05/2026;Sexta;04/05/2026;80011348;;1;
dia;08/05/2026;08/05/2026;7024829222;CORTE;ITN8903-EMP;FINALIZADA;08/05/2026 09:11;08/05/2026;Sexta;04/05/2026;80011348;;1;
dia;08/05/2026;08/05/2026;7024818152;RELIGUE;ITN8903-EMP;REJEITADA;08/05/2026 09:18;08/05/2026;Sexta;04/05/2026;80011348;;1;CONTA NÃO  PAGA NO LOCAL
dia;08/05/2026;08/05/2026;7024820060;RELIGUE;ITN8903-EMP;REJEITADA;08/05/2026 09:28;08/05/2026;Sexta;04/05/2026;80011348;;1;CONTA NÃO  PAGA NO LOCAL
dia;08/05/2026;08/05/2026;7024829154;CORTE;ITN8903-EMP;FINALIZADA;08/05/2026 09:30;08/05/2026;Sexta;04/05/2026;80011348;;1;
dia;08/05/2026;08/05/2026;7024829155;CORTE;ITN8903-EMP;FINALIZADA;08/05/2026 09:38;08/05/2026;Sexta;04/05/2026;80011348;;1;
dia;08/05/2026;08/05/2026;7024829153;CORTE;ITN8903-EMP;FINALIZADA;08/05/2026 09:42;08/05/2026;Sexta;04/05/2026;80011348;;1;
dia;08/05/2026;08/05/2026;7024829157;CORTE;ITN8903-EMP;FINALIZADA;08/05/2026 09:49;08/05/2026;Sexta;04/05/2026;80011348;;1;
dia;08/05/2026;08/05/2026;7024829152;CORTE;ITN8903-EMP;FINALIZADA;08/05/2026 09:54;08/05/2026;Sexta;04/05/2026;80011348;;1;
dia;08/05/2026;08/05/2026;7024818207;RELIGUE;ITN8903-EMP;FINALIZADA;08/05/2026 10:00;08/05/2026;Sexta;04/05/2026;80011348;;1;
dia;08/05/2026;08/05/2026;7024816848;RELIGUE;ITN8903-EMP;FINALIZADA;08/05/2026 10:04;08/05/2026;Sexta;04/05/2026;80011348;;1;
dia;08/05/2026;08/05/2026;7024833185;CORTE;ITN8903-EMP;FINALIZADA;08/05/2026 10:07;08/05/2026;Sexta;04/05/2026;80011348;;1;
dia;08/05/2026;08/05/2026;7024835627;RELIGUE;ITN8903-EMP;FINALIZADA;08/05/2026 10:14;08/05/2026;Sexta;04/05/2026;80011348;;1;
dia;08/05/2026;08/05/2026;7024829108;CORTE;ITN8903-EMP;FINALIZADA;08/05/2026 10:22;08/05/2026;Sexta;04/05/2026;80011348;;1;
dia;08/05/2026;08/05/2026;7024829247;CORTE;ITN8903-EMP;FINALIZADA;08/05/2026 11:14;08/05/2026;Sexta;04/05/2026;80011348;;1;
dia;08/05/2026;08/05/2026;7024834958;RELIGUE;ITN8904-EMP;FINALIZADA;08/05/2026 07:25;08/05/2026;Sexta;04/05/2026;80008297;;1;
dia;08/05/2026;08/05/2026;7024836537;RELIGUE;ITN8904-EMP;FINALIZADA;08/05/2026 07:29;08/05/2026;Sexta;04/05/2026;80008297;;1;
dia;08/05/2026;08/05/2026;7024828886;RELIGUE;ITN8904-EMP;FINALIZADA;08/05/2026 07:32;08/05/2026;Sexta;04/05/2026;80008297;;1;
dia;08/05/2026;08/05/2026;7024833380;RELIGUE;ITN8904-EMP;FINALIZADA;08/05/2026 07:57;08/05/2026;Sexta;04/05/2026;80008297;;1;
dia;08/05/2026;08/05/2026;7024819918;RELIGUE;ITN8904-EMP;FINALIZADA;08/05/2026 08:00;08/05/2026;Sexta;04/05/2026;80008297;;1;
dia;08/05/2026;08/05/2026;7024818254;RELIGUE;ITN8904-EMP;FINALIZADA;08/05/2026 08:04;08/05/2026;Sexta;04/05/2026;80008297;;1;
dia;08/05/2026;08/05/2026;7024833184;CORTE;ITN8904-EMP;FINALIZADA;08/05/2026 08:06;08/05/2026;Sexta;04/05/2026;80008297;;1;
dia;08/05/2026;08/05/2026;7024833187;CORTE;ITN8904-EMP;FINALIZADA;08/05/2026 08:09;08/05/2026;Sexta;04/05/2026;80008297;;1;
dia;08/05/2026;08/05/2026;7024833192;CORTE;ITN8904-EMP;FINALIZADA;08/05/2026 08:11;08/05/2026;Sexta;04/05/2026;80008297;;1;
dia;08/05/2026;08/05/2026;7024833191;CORTE;ITN8904-EMP;FINALIZADA;08/05/2026 08:13;08/05/2026;Sexta;04/05/2026;80008297;;1;
dia;08/05/2026;08/05/2026;7024833188;CORTE;ITN8904-EMP;FINALIZADA;08/05/2026 08:16;08/05/2026;Sexta;04/05/2026;80008297;;1;
dia;08/05/2026;08/05/2026;7024829135;CORTE;ITN8904-EMP;FINALIZADA;08/05/2026 08:35;08/05/2026;Sexta;04/05/2026;80008297;;1;
dia;08/05/2026;08/05/2026;7024829111;CORTE;ITN8904-EMP;FINALIZADA;08/05/2026 08:37;08/05/2026;Sexta;04/05/2026;80008297;;1;
dia;08/05/2026;08/05/2026;7024829156;CORTE;ITN8904-EMP;FINALIZADA;08/05/2026 08:43;08/05/2026;Sexta;04/05/2026;80008297;;1;
dia;08/05/2026;08/05/2026;7024829151;CORTE;ITN8904-EMP;FINALIZADA;08/05/2026 08:46;08/05/2026;Sexta;04/05/2026;80008297;;1;
dia;08/05/2026;08/05/2026;7024836330;RELIGUE;ITN8904-EMP;FINALIZADA;08/05/2026 08:52;08/05/2026;Sexta;04/05/2026;80008297;;1;
dia;08/05/2026;08/05/2026;7024816787;RELIGUE;ITN8904-EMP;FINALIZADA;08/05/2026 08:55;08/05/2026;Sexta;04/05/2026;80008297;;1;
dia;08/05/2026;08/05/2026;7024829120;CORTE;ITN8904-EMP;FINALIZADA;08/05/2026 08:59;08/05/2026;Sexta;04/05/2026;80008297;;1;
dia;08/05/2026;08/05/2026;7024807482;RELIGUE;ITN8904-EMP;REJEITADA;08/05/2026 09:04;08/05/2026;Sexta;04/05/2026;80008297;;1;CONTA NÃO  PAGA NO LOCAL
dia;08/05/2026;08/05/2026;7024831375;CORTE;ITN8904-EMP;FINALIZADA;08/05/2026 09:10;08/05/2026;Sexta;04/05/2026;80008297;;1;
dia;08/05/2026;08/05/2026;7024833025;CORTE;ITN8904-EMP;FINALIZADA;08/05/2026 09:16;08/05/2026;Sexta;04/05/2026;80008297;;1;
dia;08/05/2026;08/05/2026;7024833028;CORTE;ITN8904-EMP;FINALIZADA;08/05/2026 09:20;08/05/2026;Sexta;04/05/2026;80008297;;1;
dia;08/05/2026;08/05/2026;7024816785;RELIGUE;ITN8904-EMP;FINALIZADA;08/05/2026 09:25;08/05/2026;Sexta;04/05/2026;80008297;;1;
dia;08/05/2026;08/05/2026;7024829121;CORTE;ITN8904-EMP;FINALIZADA;08/05/2026 09:27;08/05/2026;Sexta;04/05/2026;80008297;;1;
dia;08/05/2026;08/05/2026;7024829126;CORTE;ITN8904-EMP;FINALIZADA;08/05/2026 09:31;08/05/2026;Sexta;04/05/2026;80008297;;1;
dia;08/05/2026;08/05/2026;7024829124;CORTE;ITN8904-EMP;FINALIZADA;08/05/2026 09:36;08/05/2026;Sexta;04/05/2026;80008297;;1;
dia;08/05/2026;08/05/2026;7024829116;CORTE;ITN8904-EMP;FINALIZADA;08/05/2026 09:39;08/05/2026;Sexta;04/05/2026;80008297;;1;
dia;08/05/2026;08/05/2026;7024824644;RELIGUE;ITN8904-EMP;FINALIZADA;08/05/2026 09:42;08/05/2026;Sexta;04/05/2026;80008297;;1;
dia;08/05/2026;08/05/2026;7024816610;RELIGUE;ITN8904-EMP;FINALIZADA;08/05/2026 09:45;08/05/2026;Sexta;04/05/2026;80008297;;1;
dia;08/05/2026;08/05/2026;7024829117;CORTE;ITN8904-EMP;FINALIZADA;08/05/2026 09:51;08/05/2026;Sexta;04/05/2026;80008297;;1;
dia;08/05/2026;08/05/2026;7024829127;CORTE;ITN8904-EMP;FINALIZADA;08/05/2026 09:55;08/05/2026;Sexta;04/05/2026;80008297;;1;
dia;08/05/2026;08/05/2026;7024831434;CORTE;ITN8904-EMP;FINALIZADA;08/05/2026 09:58;08/05/2026;Sexta;04/05/2026;80008297;;1;
dia;08/05/2026;08/05/2026;7024829131;CORTE;ITN8904-EMP;REJEITADA;08/05/2026 10:00;08/05/2026;Sexta;04/05/2026;80008297;;1;CLIENTE Ñ PERMITIU ACESSO ÀS INSTALAÇÕES
dia;08/05/2026;08/05/2026;7024829123;CORTE;ITN8904-EMP;FINALIZADA;08/05/2026 10:03;08/05/2026;Sexta;04/05/2026;80008297;;1;
dia;08/05/2026;08/05/2026;7024829129;CORTE;ITN8904-EMP;FINALIZADA;08/05/2026 10:06;08/05/2026;Sexta;04/05/2026;80008297;;1;
dia;08/05/2026;08/05/2026;7024829130;CORTE;ITN8904-EMP;FINALIZADA;08/05/2026 10:10;08/05/2026;Sexta;04/05/2026;80008297;;1;
dia;08/05/2026;08/05/2026;7024829133;CORTE;ITN8904-EMP;FINALIZADA;08/05/2026 10:13;08/05/2026;Sexta;04/05/2026;80008297;;1;
dia;08/05/2026;08/05/2026;7024829134;CORTE;ITN8904-EMP;REJEITADA;08/05/2026 10:15;08/05/2026;Sexta;04/05/2026;80008297;;1;CLIENTE Ñ PERMITIU ACESSO ÀS INSTALAÇÕES
dia;08/05/2026;08/05/2026;7024829132;CORTE;ITN8904-EMP;FINALIZADA;08/05/2026 10:17;08/05/2026;Sexta;04/05/2026;80008297;;1;
dia;08/05/2026;08/05/2026;7024824839;RELIGUE;ITN8904-EMP;FINALIZADA;08/05/2026 10:21;08/05/2026;Sexta;04/05/2026;80008297;;1;
dia;08/05/2026;08/05/2026;7024818097;RELIGUE;ITN8921-EMP;FINALIZADA;08/05/2026 07:41;08/05/2026;Sexta;04/05/2026;80012883;;1;
dia;08/05/2026;08/05/2026;7024835607;RELIGUE;ITN8921-EMP;FINALIZADA;08/05/2026 07:45;08/05/2026;Sexta;04/05/2026;80012883;;1;
dia;08/05/2026;08/05/2026;7024834916;RELIGUE;ITN8921-EMP;FINALIZADA;08/05/2026 07:49;08/05/2026;Sexta;04/05/2026;80012883;;1;
dia;08/05/2026;08/05/2026;7024814408;RELIGUE;ITN8921-EMP;FINALIZADA;08/05/2026 07:53;08/05/2026;Sexta;04/05/2026;80012883;;1;
dia;08/05/2026;08/05/2026;7024824661;RELIGUE;ITN8921-EMP;FINALIZADA;08/05/2026 07:56;08/05/2026;Sexta;04/05/2026;80012883;;1;
dia;08/05/2026;08/05/2026;7024829160;CORTE;ITN8921-EMP;FINALIZADA;08/05/2026 08:06;08/05/2026;Sexta;04/05/2026;80012883;;1;
dia;08/05/2026;08/05/2026;7024831322;CORTE;ITN8921-EMP;FINALIZADA;08/05/2026 08:13;08/05/2026;Sexta;04/05/2026;80012883;;1;
dia;08/05/2026;08/05/2026;7024829162;CORTE;ITN8921-EMP;FINALIZADA;08/05/2026 08:18;08/05/2026;Sexta;04/05/2026;80012883;;1;
dia;08/05/2026;08/05/2026;7024831325;CORTE;ITN8921-EMP;FINALIZADA;08/05/2026 08:24;08/05/2026;Sexta;04/05/2026;80012883;;1;
dia;08/05/2026;08/05/2026;7024829163;CORTE;ITN8921-EMP;FINALIZADA;08/05/2026 08:28;08/05/2026;Sexta;04/05/2026;80012883;;1;
dia;08/05/2026;08/05/2026;7024829171;CORTE;ITN8921-EMP;FINALIZADA;08/05/2026 08:38;08/05/2026;Sexta;04/05/2026;80012883;;1;
dia;08/05/2026;08/05/2026;7024829158;CORTE;ITN8921-EMP;FINALIZADA;08/05/2026 08:42;08/05/2026;Sexta;04/05/2026;80012883;;1;
dia;08/05/2026;08/05/2026;7024829172;CORTE;ITN8921-EMP;FINALIZADA;08/05/2026 08:48;08/05/2026;Sexta;04/05/2026;80012883;;1;
dia;08/05/2026;08/05/2026;7024829166;CORTE;ITN8921-EMP;FINALIZADA;08/05/2026 08:55;08/05/2026;Sexta;04/05/2026;80012883;;1;
dia;08/05/2026;08/05/2026;7024829465;CORTE;ITN8921-EMP;FINALIZADA;08/05/2026 09:01;08/05/2026;Sexta;04/05/2026;80012883;;1;
dia;08/05/2026;08/05/2026;7024829141;CORTE;ITN8921-EMP;FINALIZADA;08/05/2026 09:07;08/05/2026;Sexta;04/05/2026;80012883;;1;
dia;08/05/2026;08/05/2026;7024829146;CORTE;ITN8921-EMP;FINALIZADA;08/05/2026 09:12;08/05/2026;Sexta;04/05/2026;80012883;;1;
dia;08/05/2026;08/05/2026;7024831012;CORTE;ITN8921-EMP;FINALIZADA;08/05/2026 09:19;08/05/2026;Sexta;04/05/2026;80012883;;1;
dia;08/05/2026;08/05/2026;7024829140;CORTE;ITN8921-EMP;FINALIZADA;08/05/2026 09:28;08/05/2026;Sexta;04/05/2026;80012883;;1;
dia;08/05/2026;08/05/2026;7024829136;CORTE;ITN8921-EMP;FINALIZADA;08/05/2026 09:48;08/05/2026;Sexta;04/05/2026;80012883;;1;
dia;08/05/2026;08/05/2026;7024829145;CORTE;ITN8921-EMP;REJEITADA;08/05/2026 10:22;08/05/2026;Sexta;04/05/2026;80012883;;1;CLIENTE Ñ PERMITIU ACESSO ÀS INSTALAÇÕES
dia;08/05/2026;08/05/2026;7024829159;CORTE;ITN8921-EMP;REJEITADA;08/05/2026 11:12;08/05/2026;Sexta;04/05/2026;80012883;;1;ENDEREÇO NÃO LOCALIZADO
dia;08/05/2026;08/05/2026;7024829184;CORTE;ITN8921-EMP;REJEITADA;08/05/2026 11:44;08/05/2026;Sexta;04/05/2026;80012883;;1;CLIENTE Ñ PERMITIU ACESSO ÀS INSTALAÇÕES
dia;08/05/2026;08/05/2026;7024834937;RELIGUE;ITN8922-EMP;FINALIZADA;08/05/2026 07:41;08/05/2026;Sexta;04/05/2026;80012885;;1;
dia;08/05/2026;08/05/2026;7024817128;RELIGUE;ITN8922-EMP;REJEITADA;08/05/2026 07:51;08/05/2026;Sexta;04/05/2026;80012885;;1;CONTA NÃO  PAGA NO LOCAL
dia;08/05/2026;08/05/2026;7024836605;RELIGUE;ITN8922-EMP;FINALIZADA;08/05/2026 08:18;08/05/2026;Sexta;04/05/2026;80012885;;1;
dia;08/05/2026;08/05/2026;7024824714;RELIGUE;ITN8922-EMP;FINALIZADA;08/05/2026 08:24;08/05/2026;Sexta;04/05/2026;80012885;;1;
dia;08/05/2026;08/05/2026;7024829702;RELIGUE;ITN8922-EMP;FINALIZADA;08/05/2026 08:27;08/05/2026;Sexta;04/05/2026;80012885;;1;
dia;08/05/2026;08/05/2026;7024833350;RELIGUE;ITN8922-EMP;FINALIZADA;08/05/2026 08:33;08/05/2026;Sexta;04/05/2026;80012885;;1;
dia;08/05/2026;08/05/2026;7024831037;CORTE;ITN8922-EMP;FINALIZADA;08/05/2026 08:39;08/05/2026;Sexta;04/05/2026;80012885;;1;
dia;08/05/2026;08/05/2026;7024807616;RELIGUE;ITN8922-EMP;FINALIZADA;08/05/2026 08:49;08/05/2026;Sexta;04/05/2026;80012885;;1;
dia;08/05/2026;08/05/2026;7024829252;CORTE;ITN8922-EMP;FINALIZADA;08/05/2026 08:53;08/05/2026;Sexta;04/05/2026;80012885;;1;
dia;08/05/2026;08/05/2026;7024829250;CORTE;ITN8922-EMP;FINALIZADA;08/05/2026 08:55;08/05/2026;Sexta;04/05/2026;80012885;;1;
dia;08/05/2026;08/05/2026;7024829251;CORTE;ITN8922-EMP;REJEITADA;08/05/2026 08:57;08/05/2026;Sexta;04/05/2026;80012885;;1;CLIENTE Ñ PERMITIU ACESSO ÀS INSTALAÇÕES
dia;08/05/2026;08/05/2026;7024829447;CORTE;ITN8922-EMP;FINALIZADA;08/05/2026 09:01;08/05/2026;Sexta;04/05/2026;80012885;;1;
dia;08/05/2026;08/05/2026;7024829253;CORTE;ITN8922-EMP;REJEITADA;08/05/2026 09:03;08/05/2026;Sexta;04/05/2026;80012885;;1;CASA FECHADA – VERANEIRO
dia;08/05/2026;08/05/2026;7024829235;CORTE;ITN8922-EMP;FINALIZADA;08/05/2026 09:07;08/05/2026;Sexta;04/05/2026;80012885;;1;
dia;08/05/2026;08/05/2026;7024831492;CORTE;ITN8922-EMP;REJEITADA;08/05/2026 09:11;08/05/2026;Sexta;04/05/2026;80012885;;1;CLIENTE Ñ PERMITIU ACESSO ÀS INSTALAÇÕES
dia;08/05/2026;08/05/2026;7024833138;CORTE;ITN8922-EMP;FINALIZADA;08/05/2026 09:15;08/05/2026;Sexta;04/05/2026;80012885;;1;
dia;08/05/2026;08/05/2026;7024831215;CORTE;ITN8922-EMP;FINALIZADA;08/05/2026 09:20;08/05/2026;Sexta;04/05/2026;80012885;;1;
dia;08/05/2026;08/05/2026;7024829214;CORTE;ITN8922-EMP;REJEITADA;08/05/2026 09:24;08/05/2026;Sexta;04/05/2026;80012885;;1;CASA FECHADA – VERANEIRO
dia;08/05/2026;08/05/2026;7024829219;CORTE;ITN8922-EMP;FINALIZADA;08/05/2026 09:32;08/05/2026;Sexta;04/05/2026;80012885;;1;
dia;08/05/2026;08/05/2026;7024829212;CORTE;ITN8922-EMP;FINALIZADA;08/05/2026 09:37;08/05/2026;Sexta;04/05/2026;80012885;;1;
dia;08/05/2026;08/05/2026;7024829202;CORTE;ITN8922-EMP;REJEITADA;08/05/2026 09:51;08/05/2026;Sexta;04/05/2026;80012885;;1;CASA FECHADA – VERANEIRO
dia;08/05/2026;08/05/2026;7024829220;CORTE;ITN8922-EMP;REJEITADA;08/05/2026 10:02;08/05/2026;Sexta;04/05/2026;80012885;;1;CASA FECHADA – VERANEIRO
dia;08/05/2026;08/05/2026;7024829051;CORTE;TQB8932-EMP;FINALIZADA;08/05/2026 11:38;08/05/2026;Sexta;04/05/2026;80013581;;1;
dia;08/05/2026;08/05/2026;7024827997;CORTE;TQB8932-EMP;FINALIZADA;08/05/2026 11:57;08/05/2026;Sexta;04/05/2026;80013581;;1;
dia;08/05/2026;08/05/2026;7024818014;RELIGUE;SJD8916-EMP;FINALIZADA;08/05/2026 07:32;08/05/2026;Sexta;04/05/2026;80008825;;1;
dia;08/05/2026;08/05/2026;7024835534;RELIGUE;SJD8916-EMP;FINALIZADA;08/05/2026 08:06;08/05/2026;Sexta;04/05/2026;80008825;;1;
dia;08/05/2026;08/05/2026;7024816711;RELIGUE;SJD8916-EMP;FINALIZADA;08/05/2026 08:17;08/05/2026;Sexta;04/05/2026;80008825;;1;
dia;08/05/2026;08/05/2026;7024818216;RELIGUE;SJD8916-EMP;FINALIZADA;08/05/2026 08:25;08/05/2026;Sexta;04/05/2026;80008825;;1;
dia;08/05/2026;08/05/2026;7024829099;CORTE;SJD8916-EMP;FINALIZADA;08/05/2026 08:31;08/05/2026;Sexta;04/05/2026;80008825;;1;
dia;08/05/2026;08/05/2026;7024829097;CORTE;SJD8916-EMP;FINALIZADA;08/05/2026 08:41;08/05/2026;Sexta;04/05/2026;80008825;;1;
dia;08/05/2026;08/05/2026;7024833176;CORTE;SJD8916-EMP;FINALIZADA;08/05/2026 08:46;08/05/2026;Sexta;04/05/2026;80008825;;1;
dia;08/05/2026;08/05/2026;7024816673;RELIGUE;SJD8916-EMP;FINALIZADA;08/05/2026 08:54;08/05/2026;Sexta;04/05/2026;80008825;;1;
dia;08/05/2026;08/05/2026;7024829098;CORTE;SJD8916-EMP;FINALIZADA;08/05/2026 09:13;08/05/2026;Sexta;04/05/2026;80008825;;1;
dia;08/05/2026;08/05/2026;7024829096;CORTE;SJD8916-EMP;FINALIZADA;08/05/2026 09:19;08/05/2026;Sexta;04/05/2026;80008825;;1;
dia;08/05/2026;08/05/2026;7024829095;CORTE;SJD8916-EMP;FINALIZADA;08/05/2026 09:24;08/05/2026;Sexta;04/05/2026;80008825;;1;
dia;08/05/2026;08/05/2026;7024831232;CORTE;SJD8916-EMP;FINALIZADA;08/05/2026 09:30;08/05/2026;Sexta;04/05/2026;80008825;;1;
dia;08/05/2026;08/05/2026;7024829101;CORTE;SJD8916-EMP;FINALIZADA;08/05/2026 09:37;08/05/2026;Sexta;04/05/2026;80008825;;1;
dia;08/05/2026;08/05/2026;7024829093;CORTE;SJD8916-EMP;FINALIZADA;08/05/2026 09:47;08/05/2026;Sexta;04/05/2026;80008825;;1;
dia;08/05/2026;08/05/2026;7024829094;CORTE;SJD8916-EMP;FINALIZADA;08/05/2026 09:52;08/05/2026;Sexta;04/05/2026;80008825;;1;
dia;08/05/2026;08/05/2026;7024806954;RELIGUE;SJD8916-EMP;FINALIZADA;08/05/2026 11:20;08/05/2026;Sexta;04/05/2026;80008825;;1;
dia;08/05/2026;08/05/2026;7024835597;RELIGUE;OUR8911-EMP;FINALIZADA;08/05/2026 07:31;08/05/2026;Sexta;04/05/2026;80012755;;1;
dia;08/05/2026;08/05/2026;7024827989;CORTE;OUR8911-EMP;FINALIZADA;08/05/2026 08:17;08/05/2026;Sexta;04/05/2026;80012755;;1;
dia;08/05/2026;08/05/2026;7024730759;CORTE;OUR8911-EMP;FINALIZADA;08/05/2026 08:29;08/05/2026;Sexta;04/05/2026;80012755;;1;
dia;08/05/2026;08/05/2026;7024730760;CORTE;OUR8911-EMP;FINALIZADA;08/05/2026 08:51;08/05/2026;Sexta;04/05/2026;80012755;;1;
dia;08/05/2026;08/05/2026;7024730787;CORTE;OUR8911-EMP;FINALIZADA;08/05/2026 08:55;08/05/2026;Sexta;04/05/2026;80012755;;1;
dia;08/05/2026;08/05/2026;7024730758;CORTE;OUR8911-EMP;FINALIZADA;08/05/2026 09:00;08/05/2026;Sexta;04/05/2026;80012755;;1;
dia;08/05/2026;08/05/2026;7024730762;CORTE;OUR8911-EMP;FINALIZADA;08/05/2026 09:04;08/05/2026;Sexta;04/05/2026;80012755;;1;
dia;08/05/2026;08/05/2026;7024730766;CORTE;OUR8911-EMP;FINALIZADA;08/05/2026 11:05;08/05/2026;Sexta;04/05/2026;80012755;;1;
dia;08/05/2026;08/05/2026;7024730763;CORTE;OUR8911-EMP;FINALIZADA;08/05/2026 11:09;08/05/2026;Sexta;04/05/2026;80012755;;1;
dia;08/05/2026;08/05/2026;7024730764;CORTE;OUR8911-EMP;FINALIZADA;08/05/2026 11:15;08/05/2026;Sexta;04/05/2026;80012755;;1;
dia;08/05/2026;08/05/2026;7024730757;CORTE;OUR8911-EMP;FINALIZADA;08/05/2026 11:20;08/05/2026;Sexta;04/05/2026;80012755;;1;
dia;08/05/2026;08/05/2026;7024730765;CORTE;OUR8911-EMP;FINALIZADA;08/05/2026 11:26;08/05/2026;Sexta;04/05/2026;80012755;;1;
dia;08/05/2026;08/05/2026;7024829070;CORTE;OUR8911-EMP;FINALIZADA;08/05/2026 11:33;08/05/2026;Sexta;04/05/2026;80012755;;1;
dia;08/05/2026;08/05/2026;7024829058;CORTE;OUR8911-EMP;FINALIZADA;08/05/2026 11:37;08/05/2026;Sexta;04/05/2026;80012755;;1;
dia;08/05/2026;08/05/2026;7024784322;RELIGUE;MOC8913-EMP;FINALIZADA;08/05/2026 07:31;08/05/2026;Sexta;04/05/2026;80010723;;1;
dia;08/05/2026;08/05/2026;7024779907;RELIGUE;MOC8913-EMP;FINALIZADA;08/05/2026 07:33;08/05/2026;Sexta;04/05/2026;80010723;;1;
dia;08/05/2026;08/05/2026;7024802355;RELIGUE;MOC8913-EMP;FINALIZADA;08/05/2026 07:36;08/05/2026;Sexta;04/05/2026;80010723;;1;
dia;08/05/2026;08/05/2026;7024806049;RELIGUE;MOC8913-EMP;FINALIZADA;08/05/2026 07:38;08/05/2026;Sexta;04/05/2026;80010723;;1;
dia;08/05/2026;08/05/2026;7024805145;RELIGUE;MOC8913-EMP;FINALIZADA;08/05/2026 07:40;08/05/2026;Sexta;04/05/2026;80010723;;1;
dia;08/05/2026;08/05/2026;7024807099;RELIGUE;MOC8913-EMP;FINALIZADA;08/05/2026 07:42;08/05/2026;Sexta;04/05/2026;80010723;;1;
dia;08/05/2026;08/05/2026;7024808594;RELIGUE;MOC8913-EMP;FINALIZADA;08/05/2026 07:43;08/05/2026;Sexta;04/05/2026;80010723;;1;
dia;08/05/2026;08/05/2026;7024803735;RELIGUE;MOC8913-EMP;FINALIZADA;08/05/2026 07:46;08/05/2026;Sexta;04/05/2026;80010723;;1;
dia;08/05/2026;08/05/2026;7024807059;RELIGUE;MOC8913-EMP;FINALIZADA;08/05/2026 07:50;08/05/2026;Sexta;04/05/2026;80010723;;1;
dia;08/05/2026;08/05/2026;7024809505;RELIGUE;MOC8913-EMP;FINALIZADA;08/05/2026 07:52;08/05/2026;Sexta;04/05/2026;80010723;;1;
dia;08/05/2026;08/05/2026;7024803751;RELIGUE;MOC8913-EMP;FINALIZADA;08/05/2026 07:53;08/05/2026;Sexta;04/05/2026;80010723;;1;
dia;08/05/2026;08/05/2026;7024806276;RELIGUE;MOC8913-EMP;FINALIZADA;08/05/2026 07:55;08/05/2026;Sexta;04/05/2026;80010723;;1;
dia;08/05/2026;08/05/2026;7024824664;RELIGUE;MOC8913-EMP;FINALIZADA;08/05/2026 08:15;08/05/2026;Sexta;04/05/2026;80010723;;1;
dia;08/05/2026;08/05/2026;7024808774;RELIGUE;MOC8913-EMP;FINALIZADA;08/05/2026 08:24;08/05/2026;Sexta;04/05/2026;80010723;;1;
dia;08/05/2026;08/05/2026;7024829311;CORTE;MOC8913-EMP;FINALIZADA;08/05/2026 08:34;08/05/2026;Sexta;04/05/2026;80010723;;1;
dia;08/05/2026;08/05/2026;7024814427;RELIGUE;MOC8913-EMP;FINALIZADA;08/05/2026 08:37;08/05/2026;Sexta;04/05/2026;80010723;;1;
dia;08/05/2026;08/05/2026;7024833354;RELIGUE;MOC8913-EMP;FINALIZADA;08/05/2026 08:40;08/05/2026;Sexta;04/05/2026;80010723;;1;
dia;08/05/2026;08/05/2026;7024829306;CORTE;MOC8913-EMP;FINALIZADA;08/05/2026 08:46;08/05/2026;Sexta;04/05/2026;80010723;;1;
dia;08/05/2026;08/05/2026;7024829307;CORTE;MOC8913-EMP;FINALIZADA;08/05/2026 08:50;08/05/2026;Sexta;04/05/2026;80010723;;1;
dia;08/05/2026;08/05/2026;7024829308;CORTE;MOC8913-EMP;FINALIZADA;08/05/2026 08:55;08/05/2026;Sexta;04/05/2026;80010723;;1;
dia;08/05/2026;08/05/2026;7024829310;CORTE;MOC8913-EMP;FINALIZADA;08/05/2026 08:58;08/05/2026;Sexta;04/05/2026;80010723;;1;
dia;08/05/2026;08/05/2026;7024829309;CORTE;MOC8913-EMP;FINALIZADA;08/05/2026 09:02;08/05/2026;Sexta;04/05/2026;80010723;;1;
dia;08/05/2026;08/05/2026;7024829315;CORTE;MOC8913-EMP;FINALIZADA;08/05/2026 09:05;08/05/2026;Sexta;04/05/2026;80010723;;1;
dia;08/05/2026;08/05/2026;7024829497;CORTE;MOC8913-EMP;FINALIZADA;08/05/2026 09:09;08/05/2026;Sexta;04/05/2026;80010723;;1;
dia;08/05/2026;08/05/2026;7024836345;RELIGUE;MOC8913-EMP;FINALIZADA;08/05/2026 09:12;08/05/2026;Sexta;04/05/2026;80010723;;1;
dia;08/05/2026;08/05/2026;7024829316;CORTE;MOC8913-EMP;FINALIZADA;08/05/2026 09:16;08/05/2026;Sexta;04/05/2026;80010723;;1;
dia;08/05/2026;08/05/2026;7024829318;CORTE;MOC8913-EMP;FINALIZADA;08/05/2026 09:22;08/05/2026;Sexta;04/05/2026;80010723;;1;
dia;08/05/2026;08/05/2026;7024808461;RELIGUE;MOC8913-EMP;FINALIZADA;08/05/2026 09:25;08/05/2026;Sexta;04/05/2026;80010723;;1;
dia;08/05/2026;08/05/2026;7024829317;CORTE;MOC8913-EMP;FINALIZADA;08/05/2026 09:29;08/05/2026;Sexta;04/05/2026;80010723;;1;
dia;08/05/2026;08/05/2026;7024829314;CORTE;MOC8913-EMP;FINALIZADA;08/05/2026 09:33;08/05/2026;Sexta;04/05/2026;80010723;;1;
dia;08/05/2026;08/05/2026;7024829313;CORTE;MOC8913-EMP;FINALIZADA;08/05/2026 09:36;08/05/2026;Sexta;04/05/2026;80010723;;1;
dia;08/05/2026;08/05/2026;7024829319;CORTE;MOC8913-EMP;FINALIZADA;08/05/2026 09:38;08/05/2026;Sexta;04/05/2026;80010723;;1;
dia;08/05/2026;08/05/2026;7024829303;CORTE;MOC8913-EMP;FINALIZADA;08/05/2026 09:41;08/05/2026;Sexta;04/05/2026;80010723;;1;
dia;08/05/2026;08/05/2026;7024808489;RELIGUE;MOC8913-EMP;FINALIZADA;08/05/2026 10:51;08/05/2026;Sexta;04/05/2026;80010723;;1;
dia;08/05/2026;08/05/2026;7024829394;RELIGUE;MOC8913-EMP;FINALIZADA;08/05/2026 11:35;08/05/2026;Sexta;04/05/2026;80010723;;1;
dia;08/05/2026;08/05/2026;7024847457;RELIGUE;JUN5820-EMP;REJEITADA;08/05/2026 09:06;08/05/2026;Sexta;04/05/2026;80009993;80013222;2;CONTA NÃO  PAGA NO LOCAL
dia;08/05/2026;08/05/2026;7024820301;CORTE;JUN5820-EMP;FINALIZADA;08/05/2026 09:16;08/05/2026;Sexta;04/05/2026;80009993;80013222;2;
dia;08/05/2026;08/05/2026;7024825277;CORTE;JUN5820-EMP;FINALIZADA;08/05/2026 09:27;08/05/2026;Sexta;04/05/2026;80009993;80013222;2;
dia;08/05/2026;08/05/2026;7024824507;CORTE;JUN5820-EMP;FINALIZADA;08/05/2026 09:31;08/05/2026;Sexta;04/05/2026;80009993;80013222;2;
dia;08/05/2026;08/05/2026;7024826212;CORTE;JUN5820-EMP;FINALIZADA;08/05/2026 09:37;08/05/2026;Sexta;04/05/2026;80009993;80013222;2;
dia;08/05/2026;08/05/2026;7024816255;CORTE;JUN5820-EMP;FINALIZADA;08/05/2026 09:45;08/05/2026;Sexta;04/05/2026;80009993;80013222;2;
dia;08/05/2026;08/05/2026;7024820302;CORTE;JUN5820-EMP;FINALIZADA;08/05/2026 09:56;08/05/2026;Sexta;04/05/2026;80009993;80013222;2;
dia;08/05/2026;08/05/2026;7024820312;CORTE;JUN5820-EMP;FINALIZADA;08/05/2026 10:01;08/05/2026;Sexta;04/05/2026;80009993;80013222;2;
dia;08/05/2026;08/05/2026;7024830697;CORTE;JUN5820-EMP;FINALIZADA;08/05/2026 10:06;08/05/2026;Sexta;04/05/2026;80009993;80013222;2;
dia;08/05/2026;08/05/2026;7024820311;CORTE;JUN5820-EMP;FINALIZADA;08/05/2026 10:12;08/05/2026;Sexta;04/05/2026;80009993;80013222;2;
dia;08/05/2026;08/05/2026;7024826222;CORTE;JUN5820-EMP;FINALIZADA;08/05/2026 10:16;08/05/2026;Sexta;04/05/2026;80009993;80013222;2;
dia;08/05/2026;08/05/2026;7024820226;CORTE;JUN5820-EMP;FINALIZADA;08/05/2026 10:37;08/05/2026;Sexta;04/05/2026;80009993;80013222;2;
dia;08/05/2026;08/05/2026;7024820227;CORTE;JUN5820-EMP;FINALIZADA;08/05/2026 10:49;08/05/2026;Sexta;04/05/2026;80009993;80013222;2;
dia;08/05/2026;08/05/2026;7024822230;CORTE;JUN5820-EMP;REJEITADA;08/05/2026 11:09;08/05/2026;Sexta;04/05/2026;80009993;80013222;2;CASA FECHADA – VERANEIRO
dia;08/05/2026;08/05/2026;7024816482;CORTE;JUN5820-EMP;REJEITADA;08/05/2026 11:11;08/05/2026;Sexta;04/05/2026;80009993;80013222;2;CASA FECHADA – VERANEIRO
dia;08/05/2026;08/05/2026;7024820244;CORTE;JUN5820-EMP;FINALIZADA;08/05/2026 11:24;08/05/2026;Sexta;04/05/2026;80009993;80013222;2;
dia;08/05/2026;08/05/2026;7024822383;CORTE;JUN5820-EMP;FINALIZADA;08/05/2026 11:55;08/05/2026;Sexta;04/05/2026;80009993;80013222;2;
dia;08/05/2026;08/05/2026;7024812230;RELIGUE;JUN5983-EMP;FINALIZADA;08/05/2026 07:30;08/05/2026;Sexta;04/05/2026;80011999;;1;
dia;08/05/2026;08/05/2026;7024836175;RELIGUE;JUN5983-EMP;FINALIZADA;08/05/2026 07:45;08/05/2026;Sexta;04/05/2026;80011999;;1;
dia;08/05/2026;08/05/2026;7024835538;RELIGUE;JUN5983-EMP;FINALIZADA;08/05/2026 07:49;08/05/2026;Sexta;04/05/2026;80011999;;1;
dia;08/05/2026;08/05/2026;7024836300;RELIGUE;JUN5983-EMP;FINALIZADA;08/05/2026 07:58;08/05/2026;Sexta;04/05/2026;80011999;;1;
dia;08/05/2026;08/05/2026;7024833355;RELIGUE;JUN5983-EMP;FINALIZADA;08/05/2026 08:04;08/05/2026;Sexta;04/05/2026;80011999;;1;
dia;08/05/2026;08/05/2026;7024814131;RELIGUE;JUN5983-EMP;REJEITADA;08/05/2026 08:19;08/05/2026;Sexta;04/05/2026;80011999;;1;CONTA NÃO  PAGA NO LOCAL
dia;08/05/2026;08/05/2026;7024836553;RELIGUE;JUN5983-EMP;FINALIZADA;08/05/2026 11:15;08/05/2026;Sexta;04/05/2026;80011999;;1;
dia;08/05/2026;08/05/2026;7024861200;RELIGUE;JUN5983-EMP;FINALIZADA;08/05/2026 11:21;08/05/2026;Sexta;04/05/2026;80011999;;1;
dia;08/05/2026;08/05/2026;7024861031;RELIGUE;JUN5983-EMP;FINALIZADA;08/05/2026 11:29;08/05/2026;Sexta;04/05/2026;80011999;;1;
dia;08/05/2026;08/05/2026;7024824757;RELIGUE;JUN5983-EMP;FINALIZADA;08/05/2026 11:38;08/05/2026;Sexta;04/05/2026;80011999;;1;
dia;08/05/2026;08/05/2026;7024838240;RELIGUE;JUN5983-EMP;FINALIZADA;08/05/2026 11:49;08/05/2026;Sexta;04/05/2026;80011999;;1;
dia;08/05/2026;08/05/2026;7024860247;RELIGUE;JUN5983-EMP;FINALIZADA;08/05/2026 11:59;08/05/2026;Sexta;04/05/2026;80011999;;1;
dia;08/05/2026;08/05/2026;7024863432;RELIGUE;JUN5983-EMP;FINALIZADA;08/05/2026 12:06;08/05/2026;Sexta;04/05/2026;80011999;;1;
dia;08/05/2026;08/05/2026;7024807498;RELIGUE;SCR8999-EMP;FINALIZADA;08/05/2026 07:17;08/05/2026;Sexta;04/05/2026;80009210;;1;
dia;08/05/2026;08/05/2026;7024813831;RELIGUE;SCR8999-EMP;FINALIZADA;08/05/2026 07:24;08/05/2026;Sexta;04/05/2026;80009210;;1;
dia;08/05/2026;08/05/2026;7024818233;RELIGUE;SCR8999-EMP;FINALIZADA;08/05/2026 07:32;08/05/2026;Sexta;04/05/2026;80009210;;1;
dia;08/05/2026;08/05/2026;7024815520;RELIGUE;SCR8999-EMP;FINALIZADA;08/05/2026 07:51;08/05/2026;Sexta;04/05/2026;80009210;;1;
dia;08/05/2026;08/05/2026;7024813320;RELIGUE;SCR8999-EMP;FINALIZADA;08/05/2026 08:04;08/05/2026;Sexta;04/05/2026;80009210;;1;
dia;08/05/2026;08/05/2026;7024827959;CORTE;SCR8999-EMP;FINALIZADA;08/05/2026 08:17;08/05/2026;Sexta;04/05/2026;80009210;;1;
dia;08/05/2026;08/05/2026;7024827974;CORTE;SCR8999-EMP;FINALIZADA;08/05/2026 08:29;08/05/2026;Sexta;04/05/2026;80009210;;1;
dia;08/05/2026;08/05/2026;7024827962;CORTE;SCR8999-EMP;FINALIZADA;08/05/2026 08:38;08/05/2026;Sexta;04/05/2026;80009210;;1;
dia;08/05/2026;08/05/2026;7024806848;RELIGUE;SCR8999-EMP;FINALIZADA;08/05/2026 08:42;08/05/2026;Sexta;04/05/2026;80009210;;1;
dia;08/05/2026;08/05/2026;7024829053;CORTE;SCR8999-EMP;REJEITADA;08/05/2026 08:48;08/05/2026;Sexta;04/05/2026;80009210;;1;CASA FECHADA – VERANEIRO
dia;08/05/2026;08/05/2026;7024827970;CORTE;SCR8999-EMP;FINALIZADA;08/05/2026 08:54;08/05/2026;Sexta;04/05/2026;80009210;;1;
dia;08/05/2026;08/05/2026;7024827971;CORTE;SCR8999-EMP;FINALIZADA;08/05/2026 09:02;08/05/2026;Sexta;04/05/2026;80009210;;1;
dia;08/05/2026;08/05/2026;7024836563;RELIGUE;SCR8999-EMP;FINALIZADA;08/05/2026 09:06;08/05/2026;Sexta;04/05/2026;80009210;;1;
dia;08/05/2026;08/05/2026;7024827973;CORTE;SCR8999-EMP;FINALIZADA;08/05/2026 09:15;08/05/2026;Sexta;04/05/2026;80009210;;1;
dia;08/05/2026;08/05/2026;7024829037;CORTE;SCR8999-EMP;FINALIZADA;08/05/2026 09:21;08/05/2026;Sexta;04/05/2026;80009210;;1;
dia;08/05/2026;08/05/2026;7024827969;CORTE;SCR8999-EMP;FINALIZADA;08/05/2026 09:26;08/05/2026;Sexta;04/05/2026;80009210;;1;
dia;08/05/2026;08/05/2026;7024810624;RELIGUE;SCR8999-EMP;FINALIZADA;08/05/2026 09:30;08/05/2026;Sexta;04/05/2026;80009210;;1;
dia;08/05/2026;08/05/2026;7024829059;CORTE;SCR8999-EMP;FINALIZADA;08/05/2026 09:36;08/05/2026;Sexta;04/05/2026;80009210;;1;
dia;08/05/2026;08/05/2026;7024827964;CORTE;SCR8999-EMP;REJEITADA;08/05/2026 09:42;08/05/2026;Sexta;04/05/2026;80009210;;1;CASA FECHADA – VERANEIRO
dia;08/05/2026;08/05/2026;7024814588;RELIGUE;SCR8999-EMP;FINALIZADA;08/05/2026 09:50;08/05/2026;Sexta;04/05/2026;80009210;;1;
dia;08/05/2026;08/05/2026;7024827965;CORTE;SCR8999-EMP;FINALIZADA;08/05/2026 09:56;08/05/2026;Sexta;04/05/2026;80009210;;1;
dia;08/05/2026;08/05/2026;7024827966;CORTE;SCR8999-EMP;REJEITADA;08/05/2026 09:59;08/05/2026;Sexta;04/05/2026;80009210;;1;CASA FECHADA – VERANEIRO
dia;08/05/2026;08/05/2026;7024827972;CORTE;SCR8999-EMP;FINALIZADA;08/05/2026 10:05;08/05/2026;Sexta;04/05/2026;80009210;;1;
dia;08/05/2026;08/05/2026;7024829038;CORTE;SCR8999-EMP;REJEITADA;08/05/2026 10:10;08/05/2026;Sexta;04/05/2026;80009210;;1;CASA FECHADA – VERANEIRO
dia;08/05/2026;08/05/2026;7024811007;RELIGUE;SCR8999-EMP;FINALIZADA;08/05/2026 10:14;08/05/2026;Sexta;04/05/2026;80009210;;1;
dia;08/05/2026;08/05/2026;7024831402;CORTE;SCR8999-EMP;REJEITADA;08/05/2026 10:18;08/05/2026;Sexta;04/05/2026;80009210;;1;CASA FECHADA – VERANEIRO
dia;08/05/2026;08/05/2026;7024829448;RELIGUE;SCR8999-EMP;FINALIZADA;08/05/2026 10:23;08/05/2026;Sexta;04/05/2026;80009210;;1;
dia;08/05/2026;08/05/2026;7024831469;CORTE;SCR8999-EMP;FINALIZADA;08/05/2026 10:34;08/05/2026;Sexta;04/05/2026;80009210;;1;
dia;08/05/2026;08/05/2026;7024831084;CORTE;SCR8999-EMP;FINALIZADA;08/05/2026 10:40;08/05/2026;Sexta;04/05/2026;80009210;;1;
dia;08/05/2026;08/05/2026;7024831075;CORTE;SCR8999-EMP;FINALIZADA;08/05/2026 10:43;08/05/2026;Sexta;04/05/2026;80009210;;1;
dia;08/05/2026;08/05/2026;7024827968;CORTE;SCR8999-EMP;FINALIZADA;08/05/2026 10:56;08/05/2026;Sexta;04/05/2026;80009210;;1;
dia;08/05/2026;08/05/2026;7024827960;CORTE;SCR8999-EMP;FINALIZADA;08/05/2026 11:03;08/05/2026;Sexta;04/05/2026;80009210;;1;
dia;08/05/2026;08/05/2026;7024827961;CORTE;SCR8999-EMP;REJEITADA;08/05/2026 11:05;08/05/2026;Sexta;04/05/2026;80009210;;1;CASA FECHADA – VERANEIRO
dia;08/05/2026;08/05/2026;7024827967;CORTE;SCR8999-EMP;FINALIZADA;08/05/2026 11:13;08/05/2026;Sexta;04/05/2026;80009210;;1;
dia;08/05/2026;08/05/2026;7024829084;CORTE;SCR8999-EMP;FINALIZADA;08/05/2026 11:28;08/05/2026;Sexta;04/05/2026;80009210;;1;
dia;08/05/2026;08/05/2026;7024831422;CORTE;SCR8999-EMP;FINALIZADA;08/05/2026 11:42;08/05/2026;Sexta;04/05/2026;80009210;;1;
dia;08/05/2026;08/05/2026;7024812086;RELIGUE;JAG8907-EMP;FINALIZADA;08/05/2026 08:07;08/05/2026;Sexta;04/05/2026;80010967;;1;
dia;08/05/2026;08/05/2026;7024833419;RELIGUE;JAG8907-EMP;FINALIZADA;08/05/2026 08:20;08/05/2026;Sexta;04/05/2026;80010967;;1;
dia;08/05/2026;08/05/2026;7024829726;RELIGUE;JAG8907-EMP;FINALIZADA;08/05/2026 08:30;08/05/2026;Sexta;04/05/2026;80010967;;1;
dia;08/05/2026;08/05/2026;7024810598;RELIGUE;JAG8907-EMP;FINALIZADA;08/05/2026 08:40;08/05/2026;Sexta;04/05/2026;80010967;;1;
dia;08/05/2026;08/05/2026;7024829289;CORTE;JAG8907-EMP;REJEITADA;08/05/2026 08:48;08/05/2026;Sexta;04/05/2026;80010967;;1;CASA FECHADA – VERANEIRO
dia;08/05/2026;08/05/2026;7024829280;CORTE;JAG8907-EMP;FINALIZADA;08/05/2026 09:10;08/05/2026;Sexta;04/05/2026;80010967;;1;
dia;08/05/2026;08/05/2026;7024829458;CORTE;JAG8907-EMP;FINALIZADA;08/05/2026 09:22;08/05/2026;Sexta;04/05/2026;80010967;;1;
dia;08/05/2026;08/05/2026;7024829275;CORTE;JAG8907-EMP;REJEITADA;08/05/2026 09:30;08/05/2026;Sexta;04/05/2026;80010967;;1;CASA FECHADA – VERANEIRO
dia;08/05/2026;08/05/2026;7024829276;CORTE;JAG8907-EMP;FINALIZADA;08/05/2026 09:40;08/05/2026;Sexta;04/05/2026;80010967;;1;
dia;08/05/2026;08/05/2026;7024829287;CORTE;JAG8907-EMP;FINALIZADA;08/05/2026 09:48;08/05/2026;Sexta;04/05/2026;80010967;;1;
dia;08/05/2026;08/05/2026;7024829273;CORTE;JAG8907-EMP;FINALIZADA;08/05/2026 10:06;08/05/2026;Sexta;04/05/2026;80010967;;1;
dia;08/05/2026;08/05/2026;7024829288;CORTE;JAG8907-EMP;FINALIZADA;08/05/2026 10:12;08/05/2026;Sexta;04/05/2026;80010967;;1;
dia;08/05/2026;08/05/2026;7024829292;CORTE;JAG8907-EMP;REJEITADA;08/05/2026 10:19;08/05/2026;Sexta;04/05/2026;80010967;;1;CASA FECHADA – VERANEIRO
dia;08/05/2026;08/05/2026;7024829293;CORTE;JAG8907-EMP;REJEITADA;08/05/2026 10:31;08/05/2026;Sexta;04/05/2026;80010967;;1;CASA FECHADA – VERANEIRO
dia;08/05/2026;08/05/2026;7024829272;CORTE;JAG8907-EMP;REJEITADA;08/05/2026 10:38;08/05/2026;Sexta;04/05/2026;80010967;;1;CASA FECHADA – VERANEIRO
dia;08/05/2026;08/05/2026;7024829277;CORTE;JAG8907-EMP;FINALIZADA;08/05/2026 10:51;08/05/2026;Sexta;04/05/2026;80010967;;1;
dia;08/05/2026;08/05/2026;7024829278;CORTE;JAG8907-EMP;REJEITADA;08/05/2026 10:56;08/05/2026;Sexta;04/05/2026;80010967;;1;CASA FECHADA – VERANEIRO
dia;08/05/2026;08/05/2026;7024829279;CORTE;JAG8907-EMP;REJEITADA;08/05/2026 11:09;08/05/2026;Sexta;04/05/2026;80010967;;1;CASA FECHADA – VERANEIRO
dia;08/05/2026;08/05/2026;7024829291;CORTE;JAG8907-EMP;FINALIZADA;08/05/2026 11:21;08/05/2026;Sexta;04/05/2026;80010967;;1;
dia;08/05/2026;08/05/2026;7024829281;CORTE;JAG8907-EMP;FINALIZADA;08/05/2026 11:31;08/05/2026;Sexta;04/05/2026;80010967;;1;
dia;08/05/2026;08/05/2026;7024829282;CORTE;JAG8907-EMP;REJEITADA;08/05/2026 11:35;08/05/2026;Sexta;04/05/2026;80010967;;1;CASA FECHADA – VERANEIRO
dia;08/05/2026;08/05/2026;7024829283;CORTE;JAG8907-EMP;FINALIZADA;08/05/2026 11:42;08/05/2026;Sexta;04/05/2026;80010967;;1;
dia;08/05/2026;08/05/2026;7024829274;CORTE;JAG8907-EMP;REJEITADA;08/05/2026 11:49;08/05/2026;Sexta;04/05/2026;80010967;;1;CASA FECHADA – VERANEIRO
dia;08/05/2026;08/05/2026;7024829284;CORTE;JAG8907-EMP;REJEITADA;08/05/2026 11:54;08/05/2026;Sexta;04/05/2026;80010967;;1;CASA FECHADA – VERANEIRO
dia;08/05/2026;08/05/2026;7024829285;CORTE;JAG8907-EMP;FINALIZADA;08/05/2026 12:05;08/05/2026;Sexta;04/05/2026;80010967;;1;
dia;08/05/2026;08/05/2026;7024819960;RELIGUE;PIA8914-EMP;FINALIZADA;08/05/2026 07:33;08/05/2026;Sexta;04/05/2026;80011588;;1;
dia;08/05/2026;08/05/2026;7024817509;RELIGUE;PIA8914-EMP;FINALIZADA;08/05/2026 07:46;08/05/2026;Sexta;04/05/2026;80011588;;1;
dia;08/05/2026;08/05/2026;7024817041;RELIGUE;PIA8914-EMP;FINALIZADA;08/05/2026 07:52;08/05/2026;Sexta;04/05/2026;80011588;;1;
dia;08/05/2026;08/05/2026;7024819987;RELIGUE;PIA8914-EMP;FINALIZADA;08/05/2026 07:57;08/05/2026;Sexta;04/05/2026;80011588;;1;
dia;08/05/2026;08/05/2026;7024836624;RELIGUE;PIA8914-EMP;REJEITADA;08/05/2026 08:01;08/05/2026;Sexta;04/05/2026;80011588;;1;CONTA NÃO  PAGA NO LOCAL
dia;08/05/2026;08/05/2026;7024831395;CORTE;PIA8914-EMP;FINALIZADA;08/05/2026 08:07;08/05/2026;Sexta;04/05/2026;80011588;;1;
dia;08/05/2026;08/05/2026;7024831320;CORTE;PIA8914-EMP;FINALIZADA;08/05/2026 08:12;08/05/2026;Sexta;04/05/2026;80011588;;1;
dia;08/05/2026;08/05/2026;7024816790;RELIGUE;PIA8914-EMP;FINALIZADA;08/05/2026 08:16;08/05/2026;Sexta;04/05/2026;80011588;;1;
dia;08/05/2026;08/05/2026;7024829031;CORTE;PIA8914-EMP;FINALIZADA;08/05/2026 08:22;08/05/2026;Sexta;04/05/2026;80011588;;1;
dia;08/05/2026;08/05/2026;7024831029;CORTE;PIA8914-EMP;FINALIZADA;08/05/2026 08:28;08/05/2026;Sexta;04/05/2026;80011588;;1;
dia;08/05/2026;08/05/2026;7024833015;CORTE;PIA8914-EMP;FINALIZADA;08/05/2026 08:32;08/05/2026;Sexta;04/05/2026;80011588;;1;
dia;08/05/2026;08/05/2026;7024829048;CORTE;PIA8914-EMP;FINALIZADA;08/05/2026 09:09;08/05/2026;Sexta;04/05/2026;80011588;;1;
dia;08/05/2026;08/05/2026;7024829928;RELIGUE;PIA8914-EMP;FINALIZADA;08/05/2026 09:14;08/05/2026;Sexta;04/05/2026;80011588;;1;
dia;08/05/2026;08/05/2026;7024833064;CORTE;PIA8914-EMP;FINALIZADA;08/05/2026 09:25;08/05/2026;Sexta;04/05/2026;80011588;;1;
dia;08/05/2026;08/05/2026;7024819975;RELIGUE;PIA8914-EMP;FINALIZADA;08/05/2026 09:29;08/05/2026;Sexta;04/05/2026;80011588;;1;
dia;08/05/2026;08/05/2026;7024824542;RELIGUE;PIA8914-EMP;REJEITADA;08/05/2026 09:35;08/05/2026;Sexta;04/05/2026;80011588;;1;CONTA NÃO  PAGA NO LOCAL
dia;08/05/2026;08/05/2026;7024836331;RELIGUE;PIA8914-EMP;FINALIZADA;08/05/2026 09:45;08/05/2026;Sexta;04/05/2026;80011588;;1;
dia;08/05/2026;08/05/2026;7024819831;RELIGUE;PIA8914-EMP;FINALIZADA;08/05/2026 09:52;08/05/2026;Sexta;04/05/2026;80011588;;1;
dia;08/05/2026;08/05/2026;7024803400;RELIGUE;PIA8914-EMP;FINALIZADA;08/05/2026 09:58;08/05/2026;Sexta;04/05/2026;80011588;;1;
dia;08/05/2026;08/05/2026;7024806449;RELIGUE;PIA8914-EMP;FINALIZADA;08/05/2026 10:10;08/05/2026;Sexta;04/05/2026;80011588;;1;
dia;08/05/2026;08/05/2026;7024829012;CORTE;PIA8914-EMP;FINALIZADA;08/05/2026 10:47;08/05/2026;Sexta;04/05/2026;80011588;;1;
dia;08/05/2026;08/05/2026;7024836159;RELIGUE;JUN5812-EMP;FINALIZADA;08/05/2026 07:13;08/05/2026;Sexta;04/05/2026;80008412;80009033;2;
dia;08/05/2026;08/05/2026;7024813539;RELIGUE;JUN5812-EMP;FINALIZADA;08/05/2026 07:34;08/05/2026;Sexta;04/05/2026;80008412;80009033;2;
dia;08/05/2026;08/05/2026;7024810563;RELIGUE;JUN5812-EMP;FINALIZADA;08/05/2026 07:59;08/05/2026;Sexta;04/05/2026;80008412;80009033;2;
dia;08/05/2026;08/05/2026;7024818162;RELIGUE;JUN5812-EMP;FINALIZADA;08/05/2026 08:13;08/05/2026;Sexta;04/05/2026;80008412;80009033;2;
dia;08/05/2026;08/05/2026;7024828415;CORTE;JUN5812-EMP;FINALIZADA;08/05/2026 09:02;08/05/2026;Sexta;04/05/2026;80008412;80009033;2;
dia;08/05/2026;08/05/2026;7024816230;CORTE;JUN5812-EMP;FINALIZADA;08/05/2026 09:07;08/05/2026;Sexta;04/05/2026;80008412;80009033;2;
dia;08/05/2026;08/05/2026;7024822419;CORTE;JUN5812-EMP;FINALIZADA;08/05/2026 09:12;08/05/2026;Sexta;04/05/2026;80008412;80009033;2;
dia;08/05/2026;08/05/2026;7024820415;CORTE;JUN5812-EMP;FINALIZADA;08/05/2026 09:17;08/05/2026;Sexta;04/05/2026;80008412;80009033;2;
dia;08/05/2026;08/05/2026;7024822278;CORTE;JUN5812-EMP;FINALIZADA;08/05/2026 09:22;08/05/2026;Sexta;04/05/2026;80008412;80009033;2;
dia;08/05/2026;08/05/2026;7024825204;CORTE;JUN5812-EMP;FINALIZADA;08/05/2026 09:28;08/05/2026;Sexta;04/05/2026;80008412;80009033;2;
dia;08/05/2026;08/05/2026;7024822228;CORTE;JUN5812-EMP;FINALIZADA;08/05/2026 09:39;08/05/2026;Sexta;04/05/2026;80008412;80009033;2;
dia;08/05/2026;08/05/2026;7024816216;CORTE;JUN5812-EMP;FINALIZADA;08/05/2026 09:49;08/05/2026;Sexta;04/05/2026;80008412;80009033;2;
dia;08/05/2026;08/05/2026;7024826021;CORTE;JUN5812-EMP;FINALIZADA;08/05/2026 09:54;08/05/2026;Sexta;04/05/2026;80008412;80009033;2;
dia;08/05/2026;08/05/2026;7024820347;CORTE;JUN5812-EMP;FINALIZADA;08/05/2026 10:04;08/05/2026;Sexta;04/05/2026;80008412;80009033;2;
dia;08/05/2026;08/05/2026;7024825052;CORTE;JUN5812-EMP;FINALIZADA;08/05/2026 10:13;08/05/2026;Sexta;04/05/2026;80008412;80009033;2;
dia;08/05/2026;08/05/2026;7024820276;CORTE;JUN5812-EMP;FINALIZADA;08/05/2026 10:19;08/05/2026;Sexta;04/05/2026;80008412;80009033;2;
dia;08/05/2026;08/05/2026;7024820275;CORTE;JUN5812-EMP;FINALIZADA;08/05/2026 10:24;08/05/2026;Sexta;04/05/2026;80008412;80009033;2;
dia;08/05/2026;08/05/2026;7024830916;RELIGUE;JUN5812-EMP;FINALIZADA;08/05/2026 10:49;08/05/2026;Sexta;04/05/2026;80008412;80009033;2;
dia;08/05/2026;08/05/2026;7024821774;RELIGUE;JUN5812-EMP;FINALIZADA;08/05/2026 11:00;08/05/2026;Sexta;04/05/2026;80008412;80009033;2;
dia;08/05/2026;08/05/2026;7024820085;CORTE;JUN5812-EMP;FINALIZADA;08/05/2026 11:18;08/05/2026;Sexta;04/05/2026;80008412;80009033;2;
dia;08/05/2026;08/05/2026;7024826231;CORTE;JUN5812-EMP;FINALIZADA;08/05/2026 11:31;08/05/2026;Sexta;04/05/2026;80008412;80009033;2;
dia;08/05/2026;08/05/2026;7024820333;CORTE;JUN5812-EMP;FINALIZADA;08/05/2026 11:47;08/05/2026;Sexta;04/05/2026;80008412;80009033;2;
dia;08/05/2026;08/05/2026;7024808356;RELIGUE;JUN5972-EMP;FINALIZADA;08/05/2026 08:05;08/05/2026;Sexta;04/05/2026;80008965;;1;
dia;08/05/2026;08/05/2026;7024812329;RELIGUE;JUN5972-EMP;REJEITADA;08/05/2026 11:18;08/05/2026;Sexta;04/05/2026;80008965;;1;CONTA NÃO  PAGA NO LOCAL
dia;08/05/2026;08/05/2026;7024810872;RELIGUE;JUN5972-EMP;REJEITADA;08/05/2026 11:30;08/05/2026;Sexta;04/05/2026;80008965;;1;CASA FECHADA – VERANEIRO
dia;08/05/2026;08/05/2026;7024836154;RELIGUE;JUN5972-EMP;FINALIZADA;08/05/2026 11:44;08/05/2026;Sexta;04/05/2026;80008965;;1;
dia;08/05/2026;08/05/2026;7024848883;RELIGUE;JUN5972-EMP;FINALIZADA;08/05/2026 11:55;08/05/2026;Sexta;04/05/2026;80008965;;1;
dia;08/05/2026;08/05/2026;7024817640;RELIGUE;JUN5979-EMP;REJEITADA;08/05/2026 07:34;08/05/2026;Sexta;04/05/2026;80013370;;1;CONTA NÃO  PAGA NO LOCAL
dia;08/05/2026;08/05/2026;7024816694;RELIGUE;JUN5979-EMP;FINALIZADA;08/05/2026 07:45;08/05/2026;Sexta;04/05/2026;80013370;;1;
dia;08/05/2026;08/05/2026;7024818131;RELIGUE;JUN5979-EMP;REJEITADA;08/05/2026 08:00;08/05/2026;Sexta;04/05/2026;80013370;;1;CONTA NÃO  PAGA NO LOCAL
dia;08/05/2026;08/05/2026;7024817607;RELIGUE;JUN5979-EMP;FINALIZADA;08/05/2026 11:33;08/05/2026;Sexta;04/05/2026;80013370;;1;
dia;08/05/2026;08/05/2026;7024863533;RELIGUE;JUN5979-EMP;REJEITADA;08/05/2026 11:40;08/05/2026;Sexta;04/05/2026;80013370;;1;CONTA NÃO  PAGA NO LOCAL
dia;08/05/2026;08/05/2026;7024833082;CORTE;JUN5979-EMP;FINALIZADA;08/05/2026 11:51;08/05/2026;Sexta;04/05/2026;80013370;;1;
dia;08/05/2026;08/05/2026;7024805490;RELIGUE;JUN5979-EMP;FINALIZADA;08/05/2026 12:07;08/05/2026;Sexta;04/05/2026;80013370;;1;
dia;08/05/2026;08/05/2026;7024829753;RELIGUE;SAL5509-EMP;FINALIZADA;08/05/2026 07:31;08/05/2026;Sexta;04/05/2026;80009148;;1;
dia;08/05/2026;08/05/2026;7024849896;RELIGUE;SAL5509-EMP;FINALIZADA;08/05/2026 11:29;08/05/2026;Sexta;04/05/2026;80009148;;1;
dia;08/05/2026;08/05/2026;7024830401;RELIGUE;SAL5509-EMP;FINALIZADA;08/05/2026 11:37;08/05/2026;Sexta;04/05/2026;80009148;;1;
dia;08/05/2026;08/05/2026;7024829735;RELIGUE;SAL5509-EMP;FINALIZADA;08/05/2026 11:45;08/05/2026;Sexta;04/05/2026;80009148;;1;
dia;08/05/2026;08/05/2026;7024818218;RELIGUE;SAL5509-EMP;FINALIZADA;08/05/2026 11:50;08/05/2026;Sexta;04/05/2026;80009148;;1;
dia;08/05/2026;08/05/2026;7024835558;RELIGUE;SAL5509-EMP;FINALIZADA;08/05/2026 11:56;08/05/2026;Sexta;04/05/2026;80009148;;1;
dia;08/05/2026;08/05/2026;7024836268;RELIGUE;SAL5509-EMP;FINALIZADA;08/05/2026 12:01;08/05/2026;Sexta;04/05/2026;80009148;;1;
dia;08/05/2026;08/05/2026;7024816799;RELIGUE;SAL5509-EMP;FINALIZADA;08/05/2026 12:07;08/05/2026;Sexta;04/05/2026;80009148;;1;
dia;08/05/2026;08/05/2026;7024806802;RELIGUE;SAL5520-EMP;FINALIZADA;08/05/2026 11:54;08/05/2026;Sexta;04/05/2026;80013566;;1;
dia;08/05/2026;08/05/2026;7024803977;RELIGUE;JUN5537-EMP;FINALIZADA;08/05/2026 11:47;08/05/2026;Sexta;04/05/2026;80010327;;1;
dia;08/05/2026;08/05/2026;7024835726;RELIGUE;JUN5537-EMP;FINALIZADA;08/05/2026 11:56;08/05/2026;Sexta;04/05/2026;80010327;;1;
dia;08/05/2026;08/05/2026;7024803918;RELIGUE;JUN5537-EMP;REJEITADA;08/05/2026 12:02;08/05/2026;Sexta;04/05/2026;80010327;;1;CONTA NÃO  PAGA NO LOCAL
dia;08/05/2026;08/05/2026;7024813138;RELIGUE;JUN5539-EMP;FINALIZADA;08/05/2026 07:11;08/05/2026;Sexta;04/05/2026;80010289;;1;
dia;08/05/2026;08/05/2026;7024816820;RELIGUE;JUN5539-EMP;FINALIZADA;08/05/2026 11:31;08/05/2026;Sexta;04/05/2026;80010289;;1;
dia;08/05/2026;08/05/2026;7024836505;RELIGUE;JUN5539-EMP;FINALIZADA;08/05/2026 11:45;08/05/2026;Sexta;04/05/2026;80010289;;1;
dia;08/05/2026;08/05/2026;7024819842;RELIGUE;JUN5539-EMP;FINALIZADA;08/05/2026 11:51;08/05/2026;Sexta;04/05/2026;80010289;;1;
dia;08/05/2026;08/05/2026;7024806793;RELIGUE;SAL5500-EMP;FINALIZADA;08/05/2026 07:20;08/05/2026;Sexta;04/05/2026;80008782;;1;
dia;08/05/2026;08/05/2026;7024811042;RELIGUE;SAL5500-EMP;FINALIZADA;08/05/2026 07:27;08/05/2026;Sexta;04/05/2026;80008782;;1;
dia;08/05/2026;08/05/2026;7024802968;RELIGUE;SAL5500-EMP;FINALIZADA;08/05/2026 07:32;08/05/2026;Sexta;04/05/2026;80008782;;1;
dia;08/05/2026;08/05/2026;7024811009;RELIGUE;SAL5500-EMP;FINALIZADA;08/05/2026 07:37;08/05/2026;Sexta;04/05/2026;80008782;;1;
dia;08/05/2026;08/05/2026;7024836207;RELIGUE;SAL5500-EMP;FINALIZADA;08/05/2026 11:31;08/05/2026;Sexta;04/05/2026;80008782;;1;
dia;08/05/2026;08/05/2026;7024810948;RELIGUE;SAL5500-EMP;FINALIZADA;08/05/2026 11:49;08/05/2026;Sexta;04/05/2026;80008782;;1;
dia;08/05/2026;08/05/2026;7024804475;RELIGUE;SAL5500-EMP;REJEITADA;08/05/2026 11:59;08/05/2026;Sexta;04/05/2026;80008782;;1;CONTA NÃO  PAGA NO LOCAL
dia;08/05/2026;08/05/2026;7024819802;RELIGUE;SAL5500-EMP;FINALIZADA;08/05/2026 12:07;08/05/2026;Sexta;04/05/2026;80008782;;1;
dia;08/05/2026;08/05/2026;7024808511;RELIGUE;SAL5504-EMP;FINALIZADA;08/05/2026 07:04;08/05/2026;Sexta;04/05/2026;80009128;;1;
dia;08/05/2026;08/05/2026;7024810057;RELIGUE;SAL5504-EMP;FINALIZADA;08/05/2026 07:15;08/05/2026;Sexta;04/05/2026;80009128;;1;
dia;08/05/2026;08/05/2026;7024824663;RELIGUE;SAL5508-EMP;FINALIZADA;08/05/2026 07:24;08/05/2026;Sexta;04/05/2026;80010363;;1;
dia;08/05/2026;08/05/2026;7024835564;RELIGUE;SAL5508-EMP;FINALIZADA;08/05/2026 11:34;08/05/2026;Sexta;04/05/2026;80010363;;1;
dia;08/05/2026;08/05/2026;7024816819;RELIGUE;SAL5508-EMP;FINALIZADA;08/05/2026 11:43;08/05/2026;Sexta;04/05/2026;80010363;;1;
dia;08/05/2026;08/05/2026;7024834911;RELIGUE;SAL5508-EMP;FINALIZADA;08/05/2026 11:51;08/05/2026;Sexta;04/05/2026;80010363;;1;
dia;08/05/2026;08/05/2026;7024819149;RELIGUE;SAL5508-EMP;FINALIZADA;08/05/2026 12:01;08/05/2026;Sexta;04/05/2026;80010363;;1;
dia;08/05/2026;08/05/2026;7024834832;RELIGUE;SAL5508-EMP;FINALIZADA;08/05/2026 12:06;08/05/2026;Sexta;04/05/2026;80010363;;1;
dia;08/05/2026;08/05/2026;7024836529;RELIGUE;SAL5521-EMP;FINALIZADA;08/05/2026 07:25;08/05/2026;Sexta;04/05/2026;80009205;;1;
dia;08/05/2026;08/05/2026;7024836228;RELIGUE;SAL5521-EMP;FINALIZADA;08/05/2026 11:42;08/05/2026;Sexta;04/05/2026;80009205;;1;
dia;08/05/2026;08/05/2026;7024833129;CORTE;ITN8933-EMP;FINALIZADA;08/05/2026 08:36;08/05/2026;Sexta;04/05/2026;80009884;;1;
dia;08/05/2026;08/05/2026;7024829168;CORTE;ITN8933-EMP;REJEITADA;08/05/2026 08:41;08/05/2026;Sexta;04/05/2026;80009884;;1;CASA FECHADA – VERANEIRO
dia;08/05/2026;08/05/2026;7024829165;CORTE;ITN8933-EMP;REJEITADA;08/05/2026 08:45;08/05/2026;Sexta;04/05/2026;80009884;;1;CASA FECHADA – VERANEIRO
dia;08/05/2026;08/05/2026;7024829164;CORTE;ITN8933-EMP;REJEITADA;08/05/2026 08:49;08/05/2026;Sexta;04/05/2026;80009884;;1;CASA FECHADA – VERANEIRO
dia;08/05/2026;08/05/2026;7024829170;CORTE;ITN8933-EMP;FINALIZADA;08/05/2026 08:54;08/05/2026;Sexta;04/05/2026;80009884;;1;
dia;08/05/2026;08/05/2026;7024829169;CORTE;ITN8933-EMP;REJEITADA;08/05/2026 08:58;08/05/2026;Sexta;04/05/2026;80009884;;1;CASA FECHADA – VERANEIRO
dia;08/05/2026;08/05/2026;7024829161;CORTE;ITN8933-EMP;FINALIZADA;08/05/2026 09:07;08/05/2026;Sexta;04/05/2026;80009884;;1;
dia;08/05/2026;08/05/2026;7024817133;RELIGUE;ITN8933-EMP;FINALIZADA;08/05/2026 09:13;08/05/2026;Sexta;04/05/2026;80009884;;1;
dia;08/05/2026;08/05/2026;7024829106;CORTE;ITN8933-EMP;FINALIZADA;08/05/2026 09:26;08/05/2026;Sexta;04/05/2026;80009884;;1;
dia;08/05/2026;08/05/2026;7024833197;CORTE;ITN8933-EMP;REJEITADA;08/05/2026 09:36;08/05/2026;Sexta;04/05/2026;80009884;;1;CASA FECHADA – VERANEIRO
dia;08/05/2026;08/05/2026;7024829230;CORTE;ITN8933-EMP;FINALIZADA;08/05/2026 09:49;08/05/2026;Sexta;04/05/2026;80009884;;1;
dia;08/05/2026;08/05/2026;7024829227;CORTE;ITN8933-EMP;REJEITADA;08/05/2026 09:53;08/05/2026;Sexta;04/05/2026;80009884;;1;CASA FECHADA – VERANEIRO
dia;08/05/2026;08/05/2026;7024829242;CORTE;ITN8933-EMP;REJEITADA;08/05/2026 09:57;08/05/2026;Sexta;04/05/2026;80009884;;1;CASA FECHADA – VERANEIRO
dia;08/05/2026;08/05/2026;7024831486;CORTE;ITN8933-EMP;FINALIZADA;08/05/2026 10:24;08/05/2026;Sexta;04/05/2026;80009884;;1;
dia;08/05/2026;08/05/2026;7024829114;CORTE;ITN8933-EMP;REJEITADA;08/05/2026 10:33;08/05/2026;Sexta;04/05/2026;80009884;;1;CASA FECHADA – VERANEIRO
dia;08/05/2026;08/05/2026;7024829248;CORTE;ITN8933-EMP;FINALIZADA;08/05/2026 10:40;08/05/2026;Sexta;04/05/2026;80009884;;1;
dia;08/05/2026;08/05/2026;7024833078;CORTE;ITN8933-EMP;REJEITADA;08/05/2026 10:46;08/05/2026;Sexta;04/05/2026;80009884;;1;CASA FECHADA – VERANEIRO
dia;08/05/2026;08/05/2026;7024829241;CORTE;ITN8933-EMP;REJEITADA;08/05/2026 10:49;08/05/2026;Sexta;04/05/2026;80009884;;1;CASA FECHADA – VERANEIRO
dia;08/05/2026;08/05/2026;7024831022;CORTE;ITN8933-EMP;REJEITADA;08/05/2026 10:53;08/05/2026;Sexta;04/05/2026;80009884;;1;CASA FECHADA – VERANEIRO
dia;08/05/2026;08/05/2026;7024829249;CORTE;ITN8933-EMP;REJEITADA;08/05/2026 10:59;08/05/2026;Sexta;04/05/2026;80009884;;1;CASA FECHADA – VERANEIRO
dia;08/05/2026;08/05/2026;7024829224;CORTE;ITN8933-EMP;REJEITADA;08/05/2026 11:02;08/05/2026;Sexta;04/05/2026;80009884;;1;CASA FECHADA – VERANEIRO
dia;08/05/2026;08/05/2026;7024829115;CORTE;ITN8933-EMP;REJEITADA;08/05/2026 11:06;08/05/2026;Sexta;04/05/2026;80009884;;1;CASA FECHADA – VERANEIRO
dia;08/05/2026;08/05/2026;7024829233;CORTE;ITN8933-EMP;FINALIZADA;08/05/2026 11:12;08/05/2026;Sexta;04/05/2026;80009884;;1;
dia;08/05/2026;08/05/2026;7024829229;CORTE;ITN8933-EMP;REJEITADA;08/05/2026 11:15;08/05/2026;Sexta;04/05/2026;80009884;;1;CASA FECHADA – VERANEIRO
dia;08/05/2026;08/05/2026;7024829238;CORTE;ITN8933-EMP;FINALIZADA;08/05/2026 11:21;08/05/2026;Sexta;04/05/2026;80009884;;1;
dia;08/05/2026;08/05/2026;7024813356;RELIGUE;ITN8933-EMP;FINALIZADA;08/05/2026 11:27;08/05/2026;Sexta;04/05/2026;80009884;;1;
dia;08/05/2026;08/05/2026;7024834819;RELIGUE;ITN8933-EMP;REJEITADA;08/05/2026 11:33;08/05/2026;Sexta;04/05/2026;80009884;;1;CONTA NÃO  PAGA NO LOCAL
dia;08/05/2026;08/05/2026;7024806394;RELIGUE;ITN8933-EMP;FINALIZADA;08/05/2026 11:38;08/05/2026;Sexta;04/05/2026;80009884;;1;
dia;08/05/2026;08/05/2026;7024818213;RELIGUE;ITN8933-EMP;FINALIZADA;08/05/2026 11:47;08/05/2026;Sexta;04/05/2026;80009884;;1;
dia;08/05/2026;08/05/2026;7024826346;RELIGUE;ITN8906-EMP;FINALIZADA;08/05/2026 07:55;08/05/2026;Sexta;04/05/2026;80013519;;1;
dia;08/05/2026;08/05/2026;7024836579;RELIGUE;ITN8906-EMP;FINALIZADA;08/05/2026 08:04;08/05/2026;Sexta;04/05/2026;80013519;;1;
dia;08/05/2026;08/05/2026;7024778346;RELIGUE;ITN8906-EMP;REJEITADA;08/05/2026 08:14;08/05/2026;Sexta;04/05/2026;80013519;;1;SEM ACESSO AO LOCAL-PRÉDIO FECHADO
dia;08/05/2026;08/05/2026;7024816692;RELIGUE;ITN8906-EMP;REJEITADA;08/05/2026 08:24;08/05/2026;Sexta;04/05/2026;80013519;;1;ENDEREÇO NÃO LOCALIZADO
dia;08/05/2026;08/05/2026;7024813232;RELIGUE;ITN8906-EMP;FINALIZADA;08/05/2026 08:36;08/05/2026;Sexta;04/05/2026;80013519;;1;
dia;08/05/2026;08/05/2026;7024816767;RELIGUE;ITN8906-EMP;FINALIZADA;08/05/2026 08:42;08/05/2026;Sexta;04/05/2026;80013519;;1;
dia;08/05/2026;08/05/2026;7024835540;RELIGUE;ITN8906-EMP;FINALIZADA;08/05/2026 08:48;08/05/2026;Sexta;04/05/2026;80013519;;1;
dia;08/05/2026;08/05/2026;7024829148;CORTE;ITN8906-EMP;FINALIZADA;08/05/2026 09:01;08/05/2026;Sexta;04/05/2026;80013519;;1;
dia;08/05/2026;08/05/2026;7024829149;CORTE;ITN8906-EMP;FINALIZADA;08/05/2026 09:07;08/05/2026;Sexta;04/05/2026;80013519;;1;
dia;08/05/2026;08/05/2026;7024829142;CORTE;ITN8906-EMP;FINALIZADA;08/05/2026 09:17;08/05/2026;Sexta;04/05/2026;80013519;;1;
dia;08/05/2026;08/05/2026;7024829138;CORTE;ITN8906-EMP;FINALIZADA;08/05/2026 09:23;08/05/2026;Sexta;04/05/2026;80013519;;1;
dia;08/05/2026;08/05/2026;7024829125;CORTE;ITN8906-EMP;FINALIZADA;08/05/2026 09:46;08/05/2026;Sexta;04/05/2026;80013519;;1;
dia;08/05/2026;08/05/2026;7024831268;CORTE;ITN8906-EMP;FINALIZADA;08/05/2026 10:15;08/05/2026;Sexta;04/05/2026;80013519;;1;
dia;08/05/2026;08/05/2026;7024829150;CORTE;ITN8906-EMP;FINALIZADA;08/05/2026 10:27;08/05/2026;Sexta;04/05/2026;80013519;;1;
dia;08/05/2026;08/05/2026;7024829180;CORTE;ITN8906-EMP;FINALIZADA;08/05/2026 10:35;08/05/2026;Sexta;04/05/2026;80013519;;1;
dia;08/05/2026;08/05/2026;7024829144;CORTE;ITN8906-EMP;FINALIZADA;08/05/2026 10:46;08/05/2026;Sexta;04/05/2026;80013519;;1;
dia;08/05/2026;08/05/2026;7024829178;CORTE;ITN8906-EMP;FINALIZADA;08/05/2026 11:06;08/05/2026;Sexta;04/05/2026;80013519;;1;
dia;08/05/2026;08/05/2026;7024829177;CORTE;ITN8906-EMP;FINALIZADA;08/05/2026 11:36;08/05/2026;Sexta;04/05/2026;80013519;;1;
dia;08/05/2026;08/05/2026;7024829105;CORTE;ITN8906-EMP;REJEITADA;08/05/2026 12:08;08/05/2026;Sexta;04/05/2026;80013519;;1;ENDEREÇO NÃO LOCALIZADO
dia;08/05/2026;08/05/2026;7024810947;RELIGUE;JUN5802-EMP;REJEITADA;08/05/2026 07:47;08/05/2026;Sexta;04/05/2026;80008904;80009211;2;CONTA NÃO  PAGA NO LOCAL
dia;08/05/2026;08/05/2026;7024833289;RELIGUE;JUN5802-EMP;FINALIZADA;08/05/2026 08:24;08/05/2026;Sexta;04/05/2026;80008904;80009211;2;
dia;08/05/2026;08/05/2026;7024830607;CORTE;JUN5802-EMP;FINALIZADA;08/05/2026 08:28;08/05/2026;Sexta;04/05/2026;80008904;80009211;2;
dia;08/05/2026;08/05/2026;7024834952;RELIGUE;JUN5802-EMP;FINALIZADA;08/05/2026 08:33;08/05/2026;Sexta;04/05/2026;80008904;80009211;2;
dia;08/05/2026;08/05/2026;7024810829;RELIGUE;JUN5802-EMP;REJEITADA;08/05/2026 08:40;08/05/2026;Sexta;04/05/2026;80008904;80009211;2;SEM ACESSO AO LOCAL-PRÉDIO FECHADO
dia;08/05/2026;08/05/2026;7024828184;CORTE;JUN5802-EMP;FINALIZADA;08/05/2026 08:57;08/05/2026;Sexta;04/05/2026;80008904;80009211;2;
dia;08/05/2026;08/05/2026;7024826289;CORTE;JUN5802-EMP;FINALIZADA;08/05/2026 09:14;08/05/2026;Sexta;04/05/2026;80008904;80009211;2;
dia;08/05/2026;08/05/2026;7024826145;CORTE;JUN5802-EMP;FINALIZADA;08/05/2026 09:17;08/05/2026;Sexta;04/05/2026;80008904;80009211;2;
dia;08/05/2026;08/05/2026;7024826450;CORTE;JUN5802-EMP;FINALIZADA;08/05/2026 09:23;08/05/2026;Sexta;04/05/2026;80008904;80009211;2;
dia;08/05/2026;08/05/2026;7024828231;CORTE;JUN5802-EMP;FINALIZADA;08/05/2026 09:27;08/05/2026;Sexta;04/05/2026;80008904;80009211;2;
dia;08/05/2026;08/05/2026;7024819983;RELIGUE;JUN5802-EMP;FINALIZADA;08/05/2026 09:31;08/05/2026;Sexta;04/05/2026;80008904;80009211;2;
dia;08/05/2026;08/05/2026;7024828199;CORTE;JUN5802-EMP;FINALIZADA;08/05/2026 09:38;08/05/2026;Sexta;04/05/2026;80008904;80009211;2;
dia;08/05/2026;08/05/2026;7024830641;CORTE;JUN5802-EMP;FINALIZADA;08/05/2026 09:42;08/05/2026;Sexta;04/05/2026;80008904;80009211;2;
dia;08/05/2026;08/05/2026;7024830861;CORTE;JUN5802-EMP;REJEITADA;08/05/2026 09:52;08/05/2026;Sexta;04/05/2026;80008904;80009211;2;SEM ACESSO AO LOCAL-PRÉDIO FECHADO
dia;08/05/2026;08/05/2026;7024828357;CORTE;JUN5802-EMP;FINALIZADA;08/05/2026 09:58;08/05/2026;Sexta;04/05/2026;80008904;80009211;2;
dia;08/05/2026;08/05/2026;7024826230;CORTE;JUN5802-EMP;FINALIZADA;08/05/2026 10:03;08/05/2026;Sexta;04/05/2026;80008904;80009211;2;
dia;08/05/2026;08/05/2026;7024830842;CORTE;JUN5802-EMP;FINALIZADA;08/05/2026 10:10;08/05/2026;Sexta;04/05/2026;80008904;80009211;2;
dia;08/05/2026;08/05/2026;7024826493;CORTE;JUN5802-EMP;FINALIZADA;08/05/2026 10:19;08/05/2026;Sexta;04/05/2026;80008904;80009211;2;
dia;08/05/2026;08/05/2026;7024828262;CORTE;JUN5802-EMP;FINALIZADA;08/05/2026 10:27;08/05/2026;Sexta;04/05/2026;80008904;80009211;2;
dia;08/05/2026;08/05/2026;7024820462;CORTE;JUN5802-EMP;REJEITADA;08/05/2026 10:32;08/05/2026;Sexta;04/05/2026;80008904;80009211;2;SEM ACESSO AO LOCAL-PRÉDIO FECHADO
dia;08/05/2026;08/05/2026;7024826033;CORTE;JUN5802-EMP;FINALIZADA;08/05/2026 10:43;08/05/2026;Sexta;04/05/2026;80008904;80009211;2;
dia;08/05/2026;08/05/2026;7024836143;RELIGUE;JUN5802-EMP;FINALIZADA;08/05/2026 11:01;08/05/2026;Sexta;04/05/2026;80008904;80009211;2;
dia;08/05/2026;08/05/2026;7024836226;RELIGUE;JUN5802-EMP;REJEITADA;08/05/2026 11:36;08/05/2026;Sexta;04/05/2026;80008904;80009211;2;PADRÃO IRREGULAR
dia;08/05/2026;08/05/2026;7024824760;RELIGUE;JUN5802-EMP;FINALIZADA;08/05/2026 11:41;08/05/2026;Sexta;04/05/2026;80008904;80009211;2;
dia;08/05/2026;08/05/2026;7024830592;CORTE;JUN5802-EMP;FINALIZADA;08/05/2026 11:58;08/05/2026;Sexta;04/05/2026;80008904;80009211;2;
dia;08/05/2026;08/05/2026;7024820253;CORTE;JUN5802-EMP;FINALIZADA;08/05/2026 12:05;08/05/2026;Sexta;04/05/2026;80008904;80009211;2;
dia;08/05/2026;08/05/2026;7024804214;RELIGUE;JUN5803-EMP;REJEITADA;08/05/2026 07:23;08/05/2026;Sexta;04/05/2026;80012030;80013467;2;CONTA NÃO  PAGA NO LOCAL
dia;08/05/2026;08/05/2026;7024803834;RELIGUE;JUN5803-EMP;FINALIZADA;08/05/2026 07:37;08/05/2026;Sexta;04/05/2026;80012030;80013467;2;
dia;08/05/2026;08/05/2026;7024811027;RELIGUE;JUN5803-EMP;FINALIZADA;08/05/2026 08:13;08/05/2026;Sexta;04/05/2026;80012030;80013467;2;
dia;08/05/2026;08/05/2026;7024816841;RELIGUE;JUN5803-EMP;FINALIZADA;08/05/2026 08:27;08/05/2026;Sexta;04/05/2026;80012030;80013467;2;
dia;08/05/2026;08/05/2026;7024820303;CORTE;JUN5803-EMP;FINALIZADA;08/05/2026 08:34;08/05/2026;Sexta;04/05/2026;80012030;80013467;2;
dia;08/05/2026;08/05/2026;7024816298;CORTE;JUN5803-EMP;REJEITADA;08/05/2026 08:41;08/05/2026;Sexta;04/05/2026;80012030;80013467;2;CASA FECHADA – VERANEIRO
dia;08/05/2026;08/05/2026;7024828342;CORTE;JUN5803-EMP;FINALIZADA;08/05/2026 09:06;08/05/2026;Sexta;04/05/2026;80012030;80013467;2;
dia;08/05/2026;08/05/2026;7024826153;CORTE;JUN5803-EMP;FINALIZADA;08/05/2026 09:16;08/05/2026;Sexta;04/05/2026;80012030;80013467;2;
dia;08/05/2026;08/05/2026;7024834825;RELIGUE;JUN5803-EMP;FINALIZADA;08/05/2026 09:26;08/05/2026;Sexta;04/05/2026;80012030;80013467;2;
dia;08/05/2026;08/05/2026;7024820497;CORTE;JUN5803-EMP;FINALIZADA;08/05/2026 09:41;08/05/2026;Sexta;04/05/2026;80012030;80013467;2;
dia;08/05/2026;08/05/2026;7024824530;CORTE;JUN5803-EMP;REJEITADA;08/05/2026 09:47;08/05/2026;Sexta;04/05/2026;80012030;80013467;2;CASA FECHADA – VERANEIRO
dia;08/05/2026;08/05/2026;7024816200;CORTE;JUN5803-EMP;FINALIZADA;08/05/2026 09:57;08/05/2026;Sexta;04/05/2026;80012030;80013467;2;
dia;08/05/2026;08/05/2026;7024816293;CORTE;JUN5803-EMP;FINALIZADA;08/05/2026 10:11;08/05/2026;Sexta;04/05/2026;80012030;80013467;2;
dia;08/05/2026;08/05/2026;7024826099;CORTE;JUN5803-EMP;FINALIZADA;08/05/2026 10:19;08/05/2026;Sexta;04/05/2026;80012030;80013467;2;
dia;08/05/2026;08/05/2026;7024816197;CORTE;JUN5803-EMP;REJEITADA;08/05/2026 10:34;08/05/2026;Sexta;04/05/2026;80012030;80013467;2;CASA FECHADA – VERANEIRO
dia;08/05/2026;08/05/2026;7024820315;CORTE;JUN5803-EMP;FINALIZADA;08/05/2026 10:44;08/05/2026;Sexta;04/05/2026;80012030;80013467;2;
dia;08/05/2026;08/05/2026;7024828169;CORTE;JUN5803-EMP;FINALIZADA;08/05/2026 10:51;08/05/2026;Sexta;04/05/2026;80012030;80013467;2;
dia;08/05/2026;08/05/2026;7024816196;CORTE;JUN5803-EMP;FINALIZADA;08/05/2026 11:01;08/05/2026;Sexta;04/05/2026;80012030;80013467;2;
dia;08/05/2026;08/05/2026;7024816198;CORTE;JUN5803-EMP;FINALIZADA;08/05/2026 11:08;08/05/2026;Sexta;04/05/2026;80012030;80013467;2;
dia;08/05/2026;08/05/2026;7024820298;CORTE;JUN5803-EMP;FINALIZADA;08/05/2026 11:16;08/05/2026;Sexta;04/05/2026;80012030;80013467;2;
dia;08/05/2026;08/05/2026;7024816259;CORTE;JUN5803-EMP;FINALIZADA;08/05/2026 11:25;08/05/2026;Sexta;04/05/2026;80012030;80013467;2;
dia;08/05/2026;08/05/2026;7024816424;CORTE;JUN5803-EMP;FINALIZADA;08/05/2026 11:43;08/05/2026;Sexta;04/05/2026;80012030;80013467;2;
dia;08/05/2026;08/05/2026;7024816479;CORTE;JUN5803-EMP;FINALIZADA;08/05/2026 11:50;08/05/2026;Sexta;04/05/2026;80012030;80013467;2;
dia;08/05/2026;08/05/2026;7024817683;RELIGUE;JUN5804-EMP;REJEITADA;08/05/2026 07:48;08/05/2026;Sexta;04/05/2026;80013222;80012935;2;CONTA NÃO  PAGA NO LOCAL
dia;08/05/2026;08/05/2026;7024816613;RELIGUE;JUN5804-EMP;FINALIZADA;08/05/2026 08:27;08/05/2026;Sexta;04/05/2026;80013222;80012935;2;
dia;08/05/2026;08/05/2026;7024816194;CORTE;JUN5804-EMP;FINALIZADA;08/05/2026 08:38;08/05/2026;Sexta;04/05/2026;80013222;80012935;2;
dia;08/05/2026;08/05/2026;7024819954;RELIGUE;JUN5804-EMP;FINALIZADA;08/05/2026 08:54;08/05/2026;Sexta;04/05/2026;80013222;80012935;2;
dia;08/05/2026;08/05/2026;7024836593;RELIGUE;JUN5804-EMP;FINALIZADA;08/05/2026 09:03;08/05/2026;Sexta;04/05/2026;80013222;80012935;2;
dia;08/05/2026;08/05/2026;7024807458;RELIGUE;JUN5804-EMP;FINALIZADA;08/05/2026 09:16;08/05/2026;Sexta;04/05/2026;80013222;80012935;2;
dia;08/05/2026;08/05/2026;7024833408;RELIGUE;JUN5804-EMP;FINALIZADA;08/05/2026 09:41;08/05/2026;Sexta;04/05/2026;80013222;80012935;2;
dia;08/05/2026;08/05/2026;7024833304;RELIGUE;JUN5804-EMP;FINALIZADA;08/05/2026 09:52;08/05/2026;Sexta;04/05/2026;80013222;80012935;2;
dia;08/05/2026;08/05/2026;7024804460;RELIGUE;JUN5804-EMP;REJEITADA;08/05/2026 09:57;08/05/2026;Sexta;04/05/2026;80013222;80012935;2;CONTA NÃO  PAGA NO LOCAL
dia;08/05/2026;08/05/2026;7024826059;CORTE;JUN5804-EMP;FINALIZADA;08/05/2026 10:09;08/05/2026;Sexta;04/05/2026;80013222;80012935;2;
dia;08/05/2026;08/05/2026;7024816205;CORTE;JUN5804-EMP;FINALIZADA;08/05/2026 10:34;08/05/2026;Sexta;04/05/2026;80013222;80012935;2;
dia;08/05/2026;08/05/2026;7024830734;CORTE;JUN5804-EMP;FINALIZADA;08/05/2026 10:42;08/05/2026;Sexta;04/05/2026;80013222;80012935;2;
dia;08/05/2026;08/05/2026;7024828314;CORTE;JUN5804-EMP;FINALIZADA;08/05/2026 11:02;08/05/2026;Sexta;04/05/2026;80013222;80012935;2;
dia;08/05/2026;08/05/2026;7024816207;CORTE;JUN5804-EMP;FINALIZADA;08/05/2026 11:20;08/05/2026;Sexta;04/05/2026;80013222;80012935;2;
dia;08/05/2026;08/05/2026;7024820335;CORTE;JUN5804-EMP;FINALIZADA;08/05/2026 11:27;08/05/2026;Sexta;04/05/2026;80013222;80012935;2;
dia;08/05/2026;08/05/2026;7024826481;CORTE;JUN5804-EMP;FINALIZADA;08/05/2026 11:39;08/05/2026;Sexta;04/05/2026;80013222;80012935;2;
dia;08/05/2026;08/05/2026;7024816317;CORTE;JUN5804-EMP;FINALIZADA;08/05/2026 11:51;08/05/2026;Sexta;04/05/2026;80013222;80012935;2;
dia;08/05/2026;08/05/2026;7024819940;RELIGUE;JUN5805-EMP;FINALIZADA;08/05/2026 08:13;08/05/2026;Sexta;04/05/2026;80011707;80012936;2;
dia;08/05/2026;08/05/2026;7024836171;RELIGUE;JUN5805-EMP;FINALIZADA;08/05/2026 08:42;08/05/2026;Sexta;04/05/2026;80011707;80012936;2;
dia;08/05/2026;08/05/2026;7024826066;CORTE;JUN5805-EMP;FINALIZADA;08/05/2026 09:00;08/05/2026;Sexta;04/05/2026;80011707;80012936;2;
dia;08/05/2026;08/05/2026;7024820375;CORTE;JUN5805-EMP;FINALIZADA;08/05/2026 09:10;08/05/2026;Sexta;04/05/2026;80011707;80012936;2;
dia;08/05/2026;08/05/2026;7024822274;CORTE;JUN5805-EMP;FINALIZADA;08/05/2026 09:22;08/05/2026;Sexta;04/05/2026;80011707;80012936;2;
dia;08/05/2026;08/05/2026;7024826221;CORTE;JUN5805-EMP;FINALIZADA;08/05/2026 09:34;08/05/2026;Sexta;04/05/2026;80011707;80012936;2;
dia;08/05/2026;08/05/2026;7024826302;CORTE;JUN5805-EMP;FINALIZADA;08/05/2026 09:51;08/05/2026;Sexta;04/05/2026;80011707;80012936;2;
dia;08/05/2026;08/05/2026;7024826434;CORTE;JUN5805-EMP;FINALIZADA;08/05/2026 09:59;08/05/2026;Sexta;04/05/2026;80011707;80012936;2;
dia;08/05/2026;08/05/2026;7024830852;CORTE;JUN5805-EMP;FINALIZADA;08/05/2026 10:21;08/05/2026;Sexta;04/05/2026;80011707;80012936;2;
dia;08/05/2026;08/05/2026;7024830855;CORTE;JUN5805-EMP;FINALIZADA;08/05/2026 10:31;08/05/2026;Sexta;04/05/2026;80011707;80012936;2;
dia;08/05/2026;08/05/2026;7024828346;CORTE;JUN5805-EMP;FINALIZADA;08/05/2026 10:45;08/05/2026;Sexta;04/05/2026;80011707;80012936;2;
dia;08/05/2026;08/05/2026;7024816189;CORTE;JUN5805-EMP;FINALIZADA;08/05/2026 11:09;08/05/2026;Sexta;04/05/2026;80011707;80012936;2;
dia;08/05/2026;08/05/2026;7024816468;CORTE;JUN5805-EMP;FINALIZADA;08/05/2026 11:42;08/05/2026;Sexta;04/05/2026;80011707;80012936;2;
dia;08/05/2026;08/05/2026;7024816306;CORTE;JUN5805-EMP;FINALIZADA;08/05/2026 11:57;08/05/2026;Sexta;04/05/2026;80011707;80012936;2;
dia;08/05/2026;08/05/2026;7024822269;CORTE;JUN5805-EMP;REJEITADA;08/05/2026 12:07;08/05/2026;Sexta;04/05/2026;80011707;80012936;2;CASA FECHADA – VERANEIRO
dia;08/05/2026;08/05/2026;7024828456;CORTE;JUN5806-EMP;FINALIZADA;08/05/2026 08:18;08/05/2026;Sexta;04/05/2026;80007320;80007322;2;
dia;08/05/2026;08/05/2026;7024828360;CORTE;JUN5806-EMP;FINALIZADA;08/05/2026 08:26;08/05/2026;Sexta;04/05/2026;80007320;80007322;2;
dia;08/05/2026;08/05/2026;7024826438;CORTE;JUN5806-EMP;FINALIZADA;08/05/2026 08:31;08/05/2026;Sexta;04/05/2026;80007320;80007322;2;
dia;08/05/2026;08/05/2026;7024826343;CORTE;JUN5806-EMP;FINALIZADA;08/05/2026 08:33;08/05/2026;Sexta;04/05/2026;80007320;80007322;2;
dia;08/05/2026;08/05/2026;7024826369;CORTE;JUN5806-EMP;FINALIZADA;08/05/2026 08:37;08/05/2026;Sexta;04/05/2026;80007320;80007322;2;
dia;08/05/2026;08/05/2026;7024830654;CORTE;JUN5806-EMP;FINALIZADA;08/05/2026 08:44;08/05/2026;Sexta;04/05/2026;80007320;80007322;2;
dia;08/05/2026;08/05/2026;7024820300;CORTE;JUN5806-EMP;FINALIZADA;08/05/2026 08:50;08/05/2026;Sexta;04/05/2026;80007320;80007322;2;
dia;08/05/2026;08/05/2026;7024820366;CORTE;JUN5806-EMP;FINALIZADA;08/05/2026 09:03;08/05/2026;Sexta;04/05/2026;80007320;80007322;2;
dia;08/05/2026;08/05/2026;7024826237;CORTE;JUN5806-EMP;FINALIZADA;08/05/2026 09:07;08/05/2026;Sexta;04/05/2026;80007320;80007322;2;
dia;08/05/2026;08/05/2026;7024820367;CORTE;JUN5806-EMP;FINALIZADA;08/05/2026 09:12;08/05/2026;Sexta;04/05/2026;80007320;80007322;2;
dia;08/05/2026;08/05/2026;7024820330;CORTE;JUN5806-EMP;FINALIZADA;08/05/2026 09:22;08/05/2026;Sexta;04/05/2026;80007320;80007322;2;
dia;08/05/2026;08/05/2026;7024814650;RELIGUE;JUN5806-EMP;REJEITADA;08/05/2026 09:45;08/05/2026;Sexta;04/05/2026;80007320;80007322;2;CONTA NÃO  PAGA NO LOCAL
dia;08/05/2026;08/05/2026;7024830723;CORTE;JUN5806-EMP;FINALIZADA;08/05/2026 09:51;08/05/2026;Sexta;04/05/2026;80007320;80007322;2;
dia;08/05/2026;08/05/2026;7024830711;CORTE;JUN5806-EMP;FINALIZADA;08/05/2026 09:59;08/05/2026;Sexta;04/05/2026;80007320;80007322;2;
dia;08/05/2026;08/05/2026;7024825236;CORTE;JUN5806-EMP;FINALIZADA;08/05/2026 10:03;08/05/2026;Sexta;04/05/2026;80007320;80007322;2;
dia;08/05/2026;08/05/2026;7024830701;CORTE;JUN5806-EMP;FINALIZADA;08/05/2026 10:06;08/05/2026;Sexta;04/05/2026;80007320;80007322;2;
dia;08/05/2026;08/05/2026;7024825238;CORTE;JUN5806-EMP;FINALIZADA;08/05/2026 10:08;08/05/2026;Sexta;04/05/2026;80007320;80007322;2;
dia;08/05/2026;08/05/2026;7024830724;CORTE;JUN5806-EMP;FINALIZADA;08/05/2026 10:13;08/05/2026;Sexta;04/05/2026;80007320;80007322;2;
dia;08/05/2026;08/05/2026;7024825242;CORTE;JUN5806-EMP;FINALIZADA;08/05/2026 10:15;08/05/2026;Sexta;04/05/2026;80007320;80007322;2;
dia;08/05/2026;08/05/2026;7024830702;CORTE;JUN5806-EMP;FINALIZADA;08/05/2026 10:20;08/05/2026;Sexta;04/05/2026;80007320;80007322;2;
dia;08/05/2026;08/05/2026;7024830703;CORTE;JUN5806-EMP;FINALIZADA;08/05/2026 10:23;08/05/2026;Sexta;04/05/2026;80007320;80007322;2;
dia;08/05/2026;08/05/2026;7024830704;CORTE;JUN5806-EMP;FINALIZADA;08/05/2026 10:27;08/05/2026;Sexta;04/05/2026;80007320;80007322;2;
dia;08/05/2026;08/05/2026;7024830706;CORTE;JUN5806-EMP;FINALIZADA;08/05/2026 10:31;08/05/2026;Sexta;04/05/2026;80007320;80007322;2;
dia;08/05/2026;08/05/2026;7024830708;CORTE;JUN5806-EMP;FINALIZADA;08/05/2026 10:35;08/05/2026;Sexta;04/05/2026;80007320;80007322;2;
dia;08/05/2026;08/05/2026;7024830710;CORTE;JUN5806-EMP;FINALIZADA;08/05/2026 10:42;08/05/2026;Sexta;04/05/2026;80007320;80007322;2;
dia;08/05/2026;08/05/2026;7024830709;CORTE;JUN5806-EMP;FINALIZADA;08/05/2026 10:48;08/05/2026;Sexta;04/05/2026;80007320;80007322;2;
dia;08/05/2026;08/05/2026;7024836613;RELIGUE;JUN5806-EMP;FINALIZADA;08/05/2026 11:07;08/05/2026;Sexta;04/05/2026;80007320;80007322;2;
dia;08/05/2026;08/05/2026;7024813839;RELIGUE;JUN5806-EMP;FINALIZADA;08/05/2026 11:12;08/05/2026;Sexta;04/05/2026;80007320;80007322;2;
dia;08/05/2026;08/05/2026;7024836578;RELIGUE;JUN5806-EMP;FINALIZADA;08/05/2026 11:26;08/05/2026;Sexta;04/05/2026;80007320;80007322;2;
dia;08/05/2026;08/05/2026;7024830521;CORTE;JUN5806-EMP;REJEITADA;08/05/2026 11:31;08/05/2026;Sexta;04/05/2026;80007320;80007322;2;SEM ACESSO AO LOCAL-PRÉDIO FECHADO
dia;08/05/2026;08/05/2026;7024818022;RELIGUE;JUN5806-EMP;FINALIZADA;08/05/2026 11:41;08/05/2026;Sexta;04/05/2026;80007320;80007322;2;
dia;08/05/2026;08/05/2026;7024836509;RELIGUE;JUN5806-EMP;FINALIZADA;08/05/2026 11:56;08/05/2026;Sexta;04/05/2026;80007320;80007322;2;
dia;08/05/2026;08/05/2026;7024824845;RELIGUE;JUN5806-EMP;FINALIZADA;08/05/2026 12:07;08/05/2026;Sexta;04/05/2026;80007320;80007322;2;
dia;08/05/2026;08/05/2026;7024817089;RELIGUE;JUN5807-EMP;FINALIZADA;08/05/2026 07:28;08/05/2026;Sexta;04/05/2026;80010006;80007481;2;
dia;08/05/2026;08/05/2026;7024814561;RELIGUE;JUN5807-EMP;REJEITADA;08/05/2026 07:37;08/05/2026;Sexta;04/05/2026;80010006;80007481;2;CONTA NÃO  PAGA NO LOCAL
dia;08/05/2026;08/05/2026;7024819008;RELIGUE;JUN5807-EMP;FINALIZADA;08/05/2026 07:48;08/05/2026;Sexta;04/05/2026;80010006;80007481;2;
dia;08/05/2026;08/05/2026;7024816064;RELIGUE;JUN5807-EMP;REJEITADA;08/05/2026 07:58;08/05/2026;Sexta;04/05/2026;80010006;80007481;2;CONTA NÃO  PAGA NO LOCAL
dia;08/05/2026;08/05/2026;7024815133;RELIGUE;JUN5807-EMP;FINALIZADA;08/05/2026 08:04;08/05/2026;Sexta;04/05/2026;80010006;80007481;2;
dia;08/05/2026;08/05/2026;7024828200;CORTE;JUN5807-EMP;FINALIZADA;08/05/2026 08:13;08/05/2026;Sexta;04/05/2026;80010006;80007481;2;
dia;08/05/2026;08/05/2026;7024826035;CORTE;JUN5807-EMP;FINALIZADA;08/05/2026 08:20;08/05/2026;Sexta;04/05/2026;80010006;80007481;2;
dia;08/05/2026;08/05/2026;7024826030;CORTE;JUN5807-EMP;FINALIZADA;08/05/2026 08:26;08/05/2026;Sexta;04/05/2026;80010006;80007481;2;
dia;08/05/2026;08/05/2026;7024828410;CORTE;JUN5807-EMP;REJEITADA;08/05/2026 08:32;08/05/2026;Sexta;04/05/2026;80010006;80007481;2;SEM ACESSO AO LOCAL-PRÉDIO FECHADO
dia;08/05/2026;08/05/2026;7024826074;CORTE;JUN5807-EMP;REJEITADA;08/05/2026 08:37;08/05/2026;Sexta;04/05/2026;80010006;80007481;2;SEM ACESSO AO LOCAL-PRÉDIO FECHADO
dia;08/05/2026;08/05/2026;7024826402;CORTE;JUN5807-EMP;FINALIZADA;08/05/2026 08:46;08/05/2026;Sexta;04/05/2026;80010006;80007481;2;
dia;08/05/2026;08/05/2026;7024826009;CORTE;JUN5807-EMP;FINALIZADA;08/05/2026 08:53;08/05/2026;Sexta;04/05/2026;80010006;80007481;2;
dia;08/05/2026;08/05/2026;7024826094;CORTE;JUN5807-EMP;FINALIZADA;08/05/2026 09:12;08/05/2026;Sexta;04/05/2026;80010006;80007481;2;
dia;08/05/2026;08/05/2026;7024849306;RELIGUE;JUN5807-EMP;REJEITADA;08/05/2026 09:21;08/05/2026;Sexta;04/05/2026;80010006;80007481;2;CONTA NÃO  PAGA NO LOCAL
dia;08/05/2026;08/05/2026;7024808344;RELIGUE;JUN5807-EMP;FINALIZADA;08/05/2026 09:31;08/05/2026;Sexta;04/05/2026;80010006;80007481;2;
dia;08/05/2026;08/05/2026;7024799919;RELIGUE;JUN5807-EMP;FINALIZADA;08/05/2026 10:00;08/05/2026;Sexta;04/05/2026;80010006;80007481;2;
dia;08/05/2026;08/05/2026;7024825122;CORTE;JUN5807-EMP;REJEITADA;08/05/2026 10:09;08/05/2026;Sexta;04/05/2026;80010006;80007481;2;SEM ACESSO AO LOCAL-PRÉDIO FECHADO
dia;08/05/2026;08/05/2026;7024820351;CORTE;JUN5807-EMP;FINALIZADA;08/05/2026 10:17;08/05/2026;Sexta;04/05/2026;80010006;80007481;2;
dia;08/05/2026;08/05/2026;7024820997;RELIGUE;JUN5807-EMP;REJEITADA;08/05/2026 10:27;08/05/2026;Sexta;04/05/2026;80010006;80007481;2;CONTA NÃO  PAGA NO LOCAL
dia;08/05/2026;08/05/2026;7024826075;CORTE;JUN5807-EMP;REJEITADA;08/05/2026 10:42;08/05/2026;Sexta;04/05/2026;80010006;80007481;2;SEM ACESSO AO LOCAL-PRÉDIO FECHADO
dia;08/05/2026;08/05/2026;7024826297;CORTE;JUN5807-EMP;FINALIZADA;08/05/2026 10:49;08/05/2026;Sexta;04/05/2026;80010006;80007481;2;
dia;08/05/2026;08/05/2026;7024828194;CORTE;JUN5807-EMP;FINALIZADA;08/05/2026 10:55;08/05/2026;Sexta;04/05/2026;80010006;80007481;2;
dia;08/05/2026;08/05/2026;7024820419;CORTE;JUN5807-EMP;FINALIZADA;08/05/2026 11:04;08/05/2026;Sexta;04/05/2026;80010006;80007481;2;
dia;08/05/2026;08/05/2026;7024826144;CORTE;JUN5807-EMP;REJEITADA;08/05/2026 11:08;08/05/2026;Sexta;04/05/2026;80010006;80007481;2;SEM ACESSO AO LOCAL-PRÉDIO FECHADO
dia;08/05/2026;08/05/2026;7024826100;CORTE;JUN5807-EMP;FINALIZADA;08/05/2026 11:16;08/05/2026;Sexta;04/05/2026;80010006;80007481;2;
dia;08/05/2026;08/05/2026;7024826227;CORTE;JUN5807-EMP;FINALIZADA;08/05/2026 11:25;08/05/2026;Sexta;04/05/2026;80010006;80007481;2;
dia;08/05/2026;08/05/2026;7024820383;CORTE;JUN5807-EMP;FINALIZADA;08/05/2026 11:33;08/05/2026;Sexta;04/05/2026;80010006;80007481;2;
dia;08/05/2026;08/05/2026;7024820360;CORTE;JUN5807-EMP;FINALIZADA;08/05/2026 11:41;08/05/2026;Sexta;04/05/2026;80010006;80007481;2;
dia;08/05/2026;08/05/2026;7024820361;CORTE;JUN5807-EMP;FINALIZADA;08/05/2026 11:53;08/05/2026;Sexta;04/05/2026;80010006;80007481;2;
dia;08/05/2026;08/05/2026;7024820362;CORTE;JUN5807-EMP;FINALIZADA;08/05/2026 12:00;08/05/2026;Sexta;04/05/2026;80010006;80007481;2;
dia;08/05/2026;08/05/2026;7024813710;RELIGUE;JUN5808-EMP;FINALIZADA;08/05/2026 07:27;08/05/2026;Sexta;04/05/2026;80010310;80010304;2;
dia;08/05/2026;08/05/2026;7024833346;RELIGUE;JUN5808-EMP;FINALIZADA;08/05/2026 07:39;08/05/2026;Sexta;04/05/2026;80010310;80010304;2;
dia;08/05/2026;08/05/2026;7024825339;RELIGUE;JUN5808-EMP;FINALIZADA;08/05/2026 07:47;08/05/2026;Sexta;04/05/2026;80010310;80010304;2;
dia;08/05/2026;08/05/2026;7024825355;RELIGUE;JUN5808-EMP;REJEITADA;08/05/2026 08:02;08/05/2026;Sexta;04/05/2026;80010310;80010304;2;CONTA NÃO  PAGA NO LOCAL
dia;08/05/2026;08/05/2026;7024835718;RELIGUE;JUN5808-EMP;FINALIZADA;08/05/2026 08:18;08/05/2026;Sexta;04/05/2026;80010310;80010304;2;
dia;08/05/2026;08/05/2026;7024814399;RELIGUE;JUN5808-EMP;FINALIZADA;08/05/2026 08:36;08/05/2026;Sexta;04/05/2026;80010310;80010304;2;
dia;08/05/2026;08/05/2026;7024820294;CORTE;JUN5808-EMP;REJEITADA;08/05/2026 09:19;08/05/2026;Sexta;04/05/2026;80010310;80010304;2;SEM ACESSO AO LOCAL-PRÉDIO FECHADO
dia;08/05/2026;08/05/2026;7024820293;CORTE;JUN5808-EMP;FINALIZADA;08/05/2026 09:28;08/05/2026;Sexta;04/05/2026;80010310;80010304;2;
dia;08/05/2026;08/05/2026;7024820292;CORTE;JUN5808-EMP;FINALIZADA;08/05/2026 09:36;08/05/2026;Sexta;04/05/2026;80010310;80010304;2;
dia;08/05/2026;08/05/2026;7024820464;CORTE;JUN5808-EMP;FINALIZADA;08/05/2026 09:45;08/05/2026;Sexta;04/05/2026;80010310;80010304;2;
dia;08/05/2026;08/05/2026;7024828473;CORTE;JUN5808-EMP;FINALIZADA;08/05/2026 09:55;08/05/2026;Sexta;04/05/2026;80010310;80010304;2;
dia;08/05/2026;08/05/2026;7024820295;CORTE;JUN5808-EMP;FINALIZADA;08/05/2026 10:07;08/05/2026;Sexta;04/05/2026;80010310;80010304;2;
dia;08/05/2026;08/05/2026;7024820480;CORTE;JUN5808-EMP;FINALIZADA;08/05/2026 10:20;08/05/2026;Sexta;04/05/2026;80010310;80010304;2;
dia;08/05/2026;08/05/2026;7024820485;CORTE;JUN5808-EMP;FINALIZADA;08/05/2026 10:26;08/05/2026;Sexta;04/05/2026;80010310;80010304;2;
dia;08/05/2026;08/05/2026;7024826079;CORTE;JUN5808-EMP;FINALIZADA;08/05/2026 10:33;08/05/2026;Sexta;04/05/2026;80010310;80010304;2;
dia;08/05/2026;08/05/2026;7024830620;CORTE;JUN5808-EMP;FINALIZADA;08/05/2026 10:44;08/05/2026;Sexta;04/05/2026;80010310;80010304;2;
dia;08/05/2026;08/05/2026;7024826168;CORTE;JUN5808-EMP;REJEITADA;08/05/2026 11:07;08/05/2026;Sexta;04/05/2026;80010310;80010304;2;SEM ACESSO AO LOCAL-PRÉDIO FECHADO
dia;08/05/2026;08/05/2026;7024820423;CORTE;JUN5808-EMP;FINALIZADA;08/05/2026 11:15;08/05/2026;Sexta;04/05/2026;80010310;80010304;2;
dia;08/05/2026;08/05/2026;7024830564;CORTE;JUN5808-EMP;FINALIZADA;08/05/2026 11:21;08/05/2026;Sexta;04/05/2026;80010310;80010304;2;
dia;08/05/2026;08/05/2026;7024826344;CORTE;JUN5808-EMP;FINALIZADA;08/05/2026 11:27;08/05/2026;Sexta;04/05/2026;80010310;80010304;2;
dia;08/05/2026;08/05/2026;7024820326;CORTE;JUN5808-EMP;FINALIZADA;08/05/2026 11:36;08/05/2026;Sexta;04/05/2026;80010310;80010304;2;
dia;08/05/2026;08/05/2026;7024803902;RELIGUE;JUN5808-EMP;FINALIZADA;08/05/2026 11:58;08/05/2026;Sexta;04/05/2026;80010310;80010304;2;
dia;08/05/2026;08/05/2026;7024815503;RELIGUE;JUN5810-EMP;FINALIZADA;08/05/2026 08:02;08/05/2026;Sexta;04/05/2026;80011709;80013223;2;
dia;08/05/2026;08/05/2026;7024813591;RELIGUE;JUN5810-EMP;FINALIZADA;08/05/2026 08:15;08/05/2026;Sexta;04/05/2026;80011709;80013223;2;
dia;08/05/2026;08/05/2026;7024833349;RELIGUE;JUN5810-EMP;FINALIZADA;08/05/2026 08:33;08/05/2026;Sexta;04/05/2026;80011709;80013223;2;
dia;08/05/2026;08/05/2026;7024817334;RELIGUE;JUN5810-EMP;FINALIZADA;08/05/2026 08:43;08/05/2026;Sexta;04/05/2026;80011709;80013223;2;
dia;08/05/2026;08/05/2026;7024824734;RELIGUE;JUN5810-EMP;FINALIZADA;08/05/2026 08:55;08/05/2026;Sexta;04/05/2026;80011709;80013223;2;
dia;08/05/2026;08/05/2026;7024818093;RELIGUE;JUN5810-EMP;FINALIZADA;08/05/2026 09:22;08/05/2026;Sexta;04/05/2026;80011709;80013223;2;
dia;08/05/2026;08/05/2026;7024815715;RELIGUE;JUN5810-EMP;FINALIZADA;08/05/2026 09:50;08/05/2026;Sexta;04/05/2026;80011709;80013223;2;
dia;08/05/2026;08/05/2026;7024820269;CORTE;JUN5810-EMP;FINALIZADA;08/05/2026 10:09;08/05/2026;Sexta;04/05/2026;80011709;80013223;2;
dia;08/05/2026;08/05/2026;7024820268;CORTE;JUN5810-EMP;FINALIZADA;08/05/2026 10:46;08/05/2026;Sexta;04/05/2026;80011709;80013223;2;
dia;08/05/2026;08/05/2026;7024820256;CORTE;JUN5810-EMP;FINALIZADA;08/05/2026 11:03;08/05/2026;Sexta;04/05/2026;80011709;80013223;2;
dia;08/05/2026;08/05/2026;7024816209;CORTE;JUN5810-EMP;REJEITADA;08/05/2026 11:11;08/05/2026;Sexta;04/05/2026;80011709;80013223;2;SEM ACESSO AO LOCAL-PRÉDIO FECHADO
dia;08/05/2026;08/05/2026;7024820364;CORTE;JUN5810-EMP;REJEITADA;08/05/2026 11:15;08/05/2026;Sexta;04/05/2026;80011709;80013223;2;SEM ACESSO AO LOCAL-PRÉDIO FECHADO
dia;08/05/2026;08/05/2026;7024820372;CORTE;JUN5810-EMP;FINALIZADA;08/05/2026 11:25;08/05/2026;Sexta;04/05/2026;80011709;80013223;2;
dia;08/05/2026;08/05/2026;7024816210;CORTE;JUN5810-EMP;FINALIZADA;08/05/2026 11:40;08/05/2026;Sexta;04/05/2026;80011709;80013223;2;
dia;08/05/2026;08/05/2026;7024820371;CORTE;JUN5810-EMP;FINALIZADA;08/05/2026 12:03;08/05/2026;Sexta;04/05/2026;80011709;80013223;2;
dia;08/05/2026;08/05/2026;7024818146;RELIGUE;JUN5814-EMP;FINALIZADA;08/05/2026 07:56;08/05/2026;Sexta;04/05/2026;80013466;80008494;2;
dia;08/05/2026;08/05/2026;7024816276;CORTE;JUN5814-EMP;FINALIZADA;08/05/2026 09:00;08/05/2026;Sexta;04/05/2026;80013466;80008494;2;
dia;08/05/2026;08/05/2026;7024833236;RELIGUE;JUN5814-EMP;FINALIZADA;08/05/2026 09:06;08/05/2026;Sexta;04/05/2026;80013466;80008494;2;
dia;08/05/2026;08/05/2026;7024828269;CORTE;JUN5814-EMP;REJEITADA;08/05/2026 09:21;08/05/2026;Sexta;04/05/2026;80013466;80008494;2;SEM ACESSO AO LOCAL-PRÉDIO FECHADO
dia;08/05/2026;08/05/2026;7024804001;RELIGUE;JUN5814-EMP;REJEITADA;08/05/2026 09:42;08/05/2026;Sexta;04/05/2026;80013466;80008494;2;CONTA NÃO  PAGA NO LOCAL
dia;08/05/2026;08/05/2026;7024826312;CORTE;JUN5814-EMP;FINALIZADA;08/05/2026 10:05;08/05/2026;Sexta;04/05/2026;80013466;80008494;2;
dia;08/05/2026;08/05/2026;7024828202;CORTE;JUN5814-EMP;FINALIZADA;08/05/2026 10:16;08/05/2026;Sexta;04/05/2026;80013466;80008494;2;
dia;08/05/2026;08/05/2026;7024820228;CORTE;JUN5814-EMP;FINALIZADA;08/05/2026 10:22;08/05/2026;Sexta;04/05/2026;80013466;80008494;2;
dia;08/05/2026;08/05/2026;7024828232;CORTE;JUN5814-EMP;FINALIZADA;08/05/2026 10:28;08/05/2026;Sexta;04/05/2026;80013466;80008494;2;
dia;08/05/2026;08/05/2026;7024826078;CORTE;JUN5814-EMP;FINALIZADA;08/05/2026 10:36;08/05/2026;Sexta;04/05/2026;80013466;80008494;2;
dia;08/05/2026;08/05/2026;7024826252;CORTE;JUN5814-EMP;REJEITADA;08/05/2026 10:45;08/05/2026;Sexta;04/05/2026;;;0;ENVIAR CESTO
dia;08/05/2026;08/05/2026;7024826288;CORTE;JUN5814-EMP;FINALIZADA;08/05/2026 10:52;08/05/2026;Sexta;04/05/2026;80013466;80008494;2;
dia;08/05/2026;08/05/2026;7024828377;CORTE;JUN5814-EMP;FINALIZADA;08/05/2026 11:04;08/05/2026;Sexta;04/05/2026;80013466;80008494;2;
dia;08/05/2026;08/05/2026;7024825149;CORTE;JUN5814-EMP;FINALIZADA;08/05/2026 11:13;08/05/2026;Sexta;04/05/2026;80013466;80008494;2;
dia;08/05/2026;08/05/2026;7024828256;CORTE;JUN5814-EMP;FINALIZADA;08/05/2026 11:19;08/05/2026;Sexta;04/05/2026;80013466;80008494;2;
dia;08/05/2026;08/05/2026;7024826390;CORTE;JUN5814-EMP;FINALIZADA;08/05/2026 11:26;08/05/2026;Sexta;04/05/2026;80013466;80008494;2;
dia;08/05/2026;08/05/2026;7024828406;CORTE;JUN5814-EMP;FINALIZADA;08/05/2026 11:37;08/05/2026;Sexta;04/05/2026;80013466;80008494;2;
dia;08/05/2026;08/05/2026;7024826204;CORTE;JUN5814-EMP;FINALIZADA;08/05/2026 11:46;08/05/2026;Sexta;04/05/2026;80013466;80008494;2;
dia;08/05/2026;08/05/2026;7024818594;RELIGUE;JUN5814-EMP;REJEITADA;08/05/2026 11:52;08/05/2026;Sexta;04/05/2026;80013466;80008494;2;CONTA NÃO  PAGA NO LOCAL
dia;08/05/2026;08/05/2026;7024807192;RELIGUE;JUN5817-EMP;FINALIZADA;08/05/2026 07:38;08/05/2026;Sexta;04/05/2026;80011710;80013468;2;
dia;08/05/2026;08/05/2026;7024815029;RELIGUE;JUN5817-EMP;FINALIZADA;08/05/2026 08:45;08/05/2026;Sexta;04/05/2026;80011710;80013468;2;
dia;08/05/2026;08/05/2026;7024813663;RELIGUE;JUN5817-EMP;FINALIZADA;08/05/2026 09:01;08/05/2026;Sexta;04/05/2026;80011710;80013468;2;
dia;08/05/2026;08/05/2026;7024848324;RELIGUE;JUN5817-EMP;REJEITADA;08/05/2026 09:08;08/05/2026;Sexta;04/05/2026;80011710;80013468;2;CONTA NÃO  PAGA NO LOCAL
dia;08/05/2026;08/05/2026;7024824803;RELIGUE;JUN5817-EMP;FINALIZADA;08/05/2026 09:19;08/05/2026;Sexta;04/05/2026;80011710;80013468;2;
dia;08/05/2026;08/05/2026;7024816619;RELIGUE;JUN5817-EMP;FINALIZADA;08/05/2026 09:27;08/05/2026;Sexta;04/05/2026;80011710;80013468;2;
dia;08/05/2026;08/05/2026;7024806982;RELIGUE;JUN5817-EMP;FINALIZADA;08/05/2026 09:49;08/05/2026;Sexta;04/05/2026;80011710;80013468;2;
dia;08/05/2026;08/05/2026;7024836523;RELIGUE;JUN5817-EMP;FINALIZADA;08/05/2026 09:56;08/05/2026;Sexta;04/05/2026;80011710;80013468;2;
dia;08/05/2026;08/05/2026;7024813807;RELIGUE;JUN5817-EMP;FINALIZADA;08/05/2026 10:15;08/05/2026;Sexta;04/05/2026;80011710;80013468;2;
dia;08/05/2026;08/05/2026;7024836280;RELIGUE;JUN5817-EMP;FINALIZADA;08/05/2026 10:40;08/05/2026;Sexta;04/05/2026;80011710;80013468;2;
dia;08/05/2026;08/05/2026;7024826314;CORTE;JUN5817-EMP;FINALIZADA;08/05/2026 10:58;08/05/2026;Sexta;04/05/2026;80011710;80013468;2;
dia;08/05/2026;08/05/2026;7024830725;CORTE;JUN5817-EMP;FINALIZADA;08/05/2026 11:17;08/05/2026;Sexta;04/05/2026;80011710;80013468;2;
dia;08/05/2026;08/05/2026;7024816291;RELIGUE;JUN5971-EMP;REJEITADA;08/05/2026 07:37;08/05/2026;Sexta;04/05/2026;80012742;;1;CONTA NÃO  PAGA NO LOCAL
dia;08/05/2026;08/05/2026;7024811155;RELIGUE;JUN5971-EMP;FINALIZADA;08/05/2026 10:29;08/05/2026;Sexta;04/05/2026;80012742;;1;
dia;08/05/2026;08/05/2026;7024827787;CORTE;JUN5971-EMP;FINALIZADA;08/05/2026 11:33;08/05/2026;Sexta;04/05/2026;80012742;;1;
dia;08/05/2026;08/05/2026;7024824014;CORTE;JUN5971-EMP;FINALIZADA;08/05/2026 11:39;08/05/2026;Sexta;04/05/2026;80012742;;1;
dia;08/05/2026;08/05/2026;7024810849;RELIGUE;JUN5973-EMP;REJEITADA;08/05/2026 07:35;08/05/2026;Sexta;04/05/2026;80013365;;1;CONTA NÃO  PAGA NO LOCAL
dia;08/05/2026;08/05/2026;7024806858;RELIGUE;JUN5976-EMP;REJEITADA;08/05/2026 07:36;08/05/2026;Sexta;04/05/2026;80008362;;1;CONTA NÃO  PAGA NO LOCAL
dia;08/05/2026;08/05/2026;7024821965;RELIGUE;JUN5976-EMP;FINALIZADA;08/05/2026 07:57;08/05/2026;Sexta;04/05/2026;80008362;;1;
dia;08/05/2026;08/05/2026;7024831123;RELIGUE;JUN5976-EMP;FINALIZADA;08/05/2026 08:03;08/05/2026;Sexta;04/05/2026;80008362;;1;
dia;08/05/2026;08/05/2026;7024836265;RELIGUE;JUN5977-EMP;FINALIZADA;08/05/2026 07:45;08/05/2026;Sexta;04/05/2026;80012782;;1;
dia;08/05/2026;08/05/2026;7024833302;RELIGUE;JUN5977-EMP;FINALIZADA;08/05/2026 08:05;08/05/2026;Sexta;04/05/2026;80012782;;1;
dia;08/05/2026;08/05/2026;7024831524;RELIGUE;JUN5977-EMP;FINALIZADA;08/05/2026 11:16;08/05/2026;Sexta;04/05/2026;80012782;;1;
dia;08/05/2026;08/05/2026;7024824693;RELIGUE;JUN5977-EMP;FINALIZADA;08/05/2026 11:37;08/05/2026;Sexta;04/05/2026;80012782;;1;
dia;08/05/2026;08/05/2026;7024835677;RELIGUE;JUN5977-EMP;FINALIZADA;08/05/2026 11:49;08/05/2026;Sexta;04/05/2026;80012782;;1;
dia;08/05/2026;08/05/2026;7024815530;RELIGUE;JUN5977-EMP;FINALIZADA;08/05/2026 12:01;08/05/2026;Sexta;04/05/2026;80012782;;1;
dia;08/05/2026;08/05/2026;7024833252;RELIGUE;JUN5977-EMP;FINALIZADA;08/05/2026 12:08;08/05/2026;Sexta;04/05/2026;80012782;;1;
dia;08/05/2026;08/05/2026;7024834994;RELIGUE;JUN5978-EMP;FINALIZADA;08/05/2026 07:49;08/05/2026;Sexta;04/05/2026;80013218;;1;
dia;08/05/2026;08/05/2026;7024824331;CORTE;JUN5978-EMP;FINALIZADA;08/05/2026 08:09;08/05/2026;Sexta;04/05/2026;80013218;;1;
dia;08/05/2026;08/05/2026;7024862534;RELIGUE;JUN5978-EMP;FINALIZADA;08/05/2026 11:55;08/05/2026;Sexta;04/05/2026;80013218;;1;
dia;08/05/2026;08/05/2026;7024844519;RELIGUE;JUN5981-EMP;FINALIZADA;08/05/2026 07:53;08/05/2026;Sexta;04/05/2026;80013282;;1;
dia;08/05/2026;08/05/2026;7024825394;RELIGUE;JUN5981-EMP;REJEITADA;08/05/2026 08:09;08/05/2026;Sexta;04/05/2026;80013282;;1;CONTA NÃO  PAGA NO LOCAL
dia;08/05/2026;08/05/2026;7024835685;RELIGUE;JUN5981-EMP;FINALIZADA;08/05/2026 08:15;08/05/2026;Sexta;04/05/2026;80013282;;1;
dia;08/05/2026;08/05/2026;7024849767;RELIGUE;JUN5981-EMP;FINALIZADA;08/05/2026 10:45;08/05/2026;Sexta;04/05/2026;80013282;;1;
dia;08/05/2026;08/05/2026;7024836306;RELIGUE;JUN5981-EMP;FINALIZADA;08/05/2026 10:55;08/05/2026;Sexta;04/05/2026;80013282;;1;
dia;08/05/2026;08/05/2026;7024836140;RELIGUE;JUN5981-EMP;FINALIZADA;08/05/2026 11:04;08/05/2026;Sexta;04/05/2026;80013282;;1;
dia;08/05/2026;08/05/2026;7024833428;RELIGUE;JUN5981-EMP;FINALIZADA;08/05/2026 11:20;08/05/2026;Sexta;04/05/2026;80013282;;1;
dia;08/05/2026;08/05/2026;7024825359;RELIGUE;JUN5981-EMP;FINALIZADA;08/05/2026 11:32;08/05/2026;Sexta;04/05/2026;80013282;;1;
dia;08/05/2026;08/05/2026;7024833343;RELIGUE;JUN5981-EMP;FINALIZADA;08/05/2026 11:38;08/05/2026;Sexta;04/05/2026;80013282;;1;
dia;08/05/2026;08/05/2026;7024849376;RELIGUE;JUN5981-EMP;FINALIZADA;08/05/2026 11:45;08/05/2026;Sexta;04/05/2026;80013282;;1;
dia;08/05/2026;08/05/2026;7024831710;RELIGUE;JUN5990-EMP;FINALIZADA;08/05/2026 07:39;08/05/2026;Sexta;04/05/2026;80013367;;1;
dia;08/05/2026;08/05/2026;7024836180;RELIGUE;JUN5990-EMP;FINALIZADA;08/05/2026 07:46;08/05/2026;Sexta;04/05/2026;80013367;;1;
dia;08/05/2026;08/05/2026;7024860113;RELIGUE;JUN5990-EMP;FINALIZADA;08/05/2026 11:53;08/05/2026;Sexta;04/05/2026;80013367;;1;
dia;08/05/2026;08/05/2026;7024807239;RELIGUE;JUN5991-EMP;FINALIZADA;08/05/2026 07:32;08/05/2026;Sexta;04/05/2026;80012821;;1;
dia;08/05/2026;08/05/2026;7024824666;RELIGUE;JUN5991-EMP;FINALIZADA;08/05/2026 07:42;08/05/2026;Sexta;04/05/2026;80012821;;1;
dia;08/05/2026;08/05/2026;7024829390;RELIGUE;JUN5991-EMP;FINALIZADA;08/05/2026 07:56;08/05/2026;Sexta;04/05/2026;80012821;;1;
dia;08/05/2026;08/05/2026;7024834863;RELIGUE;JUN5991-EMP;FINALIZADA;08/05/2026 07:59;08/05/2026;Sexta;04/05/2026;80012821;;1;
dia;08/05/2026;08/05/2026;7024848900;RELIGUE;JUN5991-EMP;FINALIZADA;08/05/2026 11:20;08/05/2026;Sexta;04/05/2026;80012821;;1;
dia;08/05/2026;08/05/2026;7024816094;RELIGUE;JUN5991-EMP;FINALIZADA;08/05/2026 11:23;08/05/2026;Sexta;04/05/2026;80012821;;1;
dia;08/05/2026;08/05/2026;7024824353;CORTE;JUN5991-EMP;REJEITADA;08/05/2026 11:35;08/05/2026;Sexta;04/05/2026;80012821;;1;ENDEREÇO NÃO LOCALIZADO
dia;08/05/2026;08/05/2026;7024849722;RELIGUE;JUN5991-EMP;FINALIZADA;08/05/2026 11:42;08/05/2026;Sexta;04/05/2026;80012821;;1;
dia;08/05/2026;08/05/2026;7024815816;RELIGUE;JUN5991-EMP;FINALIZADA;08/05/2026 11:47;08/05/2026;Sexta;04/05/2026;80012821;;1;
dia;08/05/2026;08/05/2026;7024847868;RELIGUE;JUN5991-EMP;FINALIZADA;08/05/2026 11:56;08/05/2026;Sexta;04/05/2026;80012821;;1;
dia;08/05/2026;08/05/2026;7024860102;RELIGUE;JUN5991-EMP;FINALIZADA;08/05/2026 12:07;08/05/2026;Sexta;04/05/2026;80012821;;1;
dia;08/05/2026;08/05/2026;7024817138;RELIGUE;JUN5993-EMP;FINALIZADA;08/05/2026 07:26;08/05/2026;Sexta;04/05/2026;80011795;;1;
dia;08/05/2026;08/05/2026;7024836522;RELIGUE;JUN5994-EMP;FINALIZADA;08/05/2026 08:18;08/05/2026;Sexta;04/05/2026;80012820;;1;
dia;08/05/2026;08/05/2026;7024827705;CORTE;JUN5995-EMP;FINALIZADA;08/05/2026 11:31;08/05/2026;Sexta;04/05/2026;80013281;;1;
dia;08/05/2026;08/05/2026;7024835605;RELIGUE;JUN5995-EMP;FINALIZADA;08/05/2026 11:45;08/05/2026;Sexta;04/05/2026;80013281;;1;
dia;08/05/2026;08/05/2026;7024827788;CORTE;JUN5995-EMP;FINALIZADA;08/05/2026 11:56;08/05/2026;Sexta;04/05/2026;80013281;;1;
dia;08/05/2026;08/05/2026;7024819985;RELIGUE;JUN5975-EMP;FINALIZADA;08/05/2026 07:05;08/05/2026;Sexta;04/05/2026;80008359;;1;
dia;08/05/2026;08/05/2026;7024812318;RELIGUE;JAG8902-EMP;FINALIZADA;08/05/2026 08:07;08/05/2026;Sexta;04/05/2026;80013034;;1;
dia;08/05/2026;08/05/2026;7024836321;RELIGUE;JAG8902-EMP;FINALIZADA;08/05/2026 08:13;08/05/2026;Sexta;04/05/2026;80013034;;1;
dia;08/05/2026;08/05/2026;7024829270;CORTE;JAG8902-EMP;FINALIZADA;08/05/2026 08:23;08/05/2026;Sexta;04/05/2026;80013034;;1;
dia;08/05/2026;08/05/2026;7024833205;CORTE;JAG8902-EMP;FINALIZADA;08/05/2026 08:29;08/05/2026;Sexta;04/05/2026;80013034;;1;
dia;08/05/2026;08/05/2026;7024804399;RELIGUE;JAG8902-EMP;FINALIZADA;08/05/2026 08:41;08/05/2026;Sexta;04/05/2026;80013034;;1;
dia;08/05/2026;08/05/2026;7024831462;CORTE;JAG8902-EMP;REJEITADA;08/05/2026 08:45;08/05/2026;Sexta;04/05/2026;80013034;;1;CASA FECHADA – VERANEIRO
dia;08/05/2026;08/05/2026;7024831187;CORTE;JAG8902-EMP;REJEITADA;08/05/2026 08:54;08/05/2026;Sexta;04/05/2026;80013034;;1;CASA FECHADA – VERANEIRO
dia;08/05/2026;08/05/2026;7024829269;CORTE;JAG8902-EMP;FINALIZADA;08/05/2026 09:12;08/05/2026;Sexta;04/05/2026;80013034;;1;
dia;08/05/2026;08/05/2026;7024817620;RELIGUE;JAG8902-EMP;REJEITADA;08/05/2026 09:31;08/05/2026;Sexta;04/05/2026;80013034;;1;CONTA NÃO  PAGA NO LOCAL
dia;08/05/2026;08/05/2026;7024829477;CORTE;JAG8902-EMP;FINALIZADA;08/05/2026 09:37;08/05/2026;Sexta;04/05/2026;80013034;;1;
dia;08/05/2026;08/05/2026;7024831373;CORTE;JAG8902-EMP;REJEITADA;08/05/2026 09:48;08/05/2026;Sexta;04/05/2026;80013034;;1;CASA FECHADA – VERANEIRO
dia;08/05/2026;08/05/2026;7024829271;CORTE;JAG8902-EMP;REJEITADA;08/05/2026 09:56;08/05/2026;Sexta;04/05/2026;80013034;;1;CASA FECHADA – VERANEIRO
dia;08/05/2026;08/05/2026;7024831299;CORTE;JAG8902-EMP;FINALIZADA;08/05/2026 10:07;08/05/2026;Sexta;04/05/2026;80013034;;1;
dia;08/05/2026;08/05/2026;7024833177;CORTE;JAG8902-EMP;REJEITADA;08/05/2026 11:05;08/05/2026;Sexta;04/05/2026;80013034;;1;CASA FECHADA – VERANEIRO
dia;08/05/2026;08/05/2026;7024834945;RELIGUE;OUR8910-EMP;FINALIZADA;08/05/2026 08:05;08/05/2026;Sexta;04/05/2026;80010724;;1;
dia;08/05/2026;08/05/2026;7024802765;RELIGUE;OUR8910-EMP;FINALIZADA;08/05/2026 08:29;08/05/2026;Sexta;04/05/2026;80010724;;1;
dia;08/05/2026;08/05/2026;7024824676;RELIGUE;OUR8910-EMP;FINALIZADA;08/05/2026 09:49;08/05/2026;Sexta;04/05/2026;80010724;;1;
dia;08/05/2026;08/05/2026;7024816823;RELIGUE;OUR8910-EMP;FINALIZADA;08/05/2026 10:10;08/05/2026;Sexta;04/05/2026;80010724;;1;
dia;08/05/2026;08/05/2026;7024818323;RELIGUE;OUR8910-EMP;FINALIZADA;08/05/2026 10:57;08/05/2026;Sexta;04/05/2026;80010724;;1;
dia;08/05/2026;08/05/2026;7024730747;CORTE;OUR8910-EMP;FINALIZADA;08/05/2026 11:34;08/05/2026;Sexta;04/05/2026;80010724;;1;
dia;08/05/2026;08/05/2026;7024829060;CORTE;OUR8910-EMP;FINALIZADA;08/05/2026 11:47;08/05/2026;Sexta;04/05/2026;80010724;;1;
